adjective_ratio,adverbs,content_words,flesch,function_words,sentences_per_paragraph,syllables_per_content_word,words_per_sentence,noun_ratio,paragraphs,sentences,words,pronoun_ratio,verbs,logic_operators,and_ratio,if_ratio,or_ratio,negation_ratio,cw_freq,cw_freq_brwac,cw_freq_bra,min_cw_freq,min_cw_freq_brwac,min_freq_brwac,min_cw_freq_bra,min_freq_bra,freq_brwac,freq_bra,hypernyms_verbs,brunet,honore,personal_pronouns,ttr,conn_ratio,add_neg_conn_ratio,add_pos_conn_ratio,cau_neg_conn_ratio,cau_pos_conn_ratio,log_neg_conn_ratio,log_pos_conn_ratio,tmp_neg_conn_ratio,tmp_pos_conn_ratio,adjectives_ambiguity,adverbs_ambiguity,nouns_ambiguity,verbs_ambiguity,yngve,frazier,dep_distance,cross_entropy,content_density,adjacent_refs,anaphoric_refs,adj_arg_ovl,arg_ovl,adj_stem_ovl,stem_ovl,adj_cw_ovl,lsa_adj_mean,lsa_adj_std,lsa_all_mean,lsa_all_std,lsa_paragraph_mean,lsa_paragraph_std,lsa_givenness_mean,lsa_givenness_std,lsa_span_mean,lsa_span_std,negative_words,positive_words,ratio_function_to_content_words,grade,index_text
0.06944,0.0,0.56944,92.825,0.43056,1.0,2.21951,9.0,0.34722,8,8,72,0.15278,0.15278,0.05556,0.05556,0.0,0.0,0.0,57504.2439,3.407,3.44046,388.5,1.03137,1.03137,1.1235,1.1235,4.8205,4.79592,0.66667,9.56278,636.79971,0.06944,0.66667,0.05556,0.0,0.05556,0.0,0.0,0.0,0.0,0.0,0.0,5.25,0.0,2.4,8.0,1.33807,6.0,16.625,0.80412,1.32258,0.0,0.0,0.57143,0.67857,0.57143,0.35714,0.57143,0.65723,0.17605,0.54328,0.0,0.65723,0.17605,0.68531,0.18018,0.72443,0.1814,0.07317,0.31707,0.7561,"[3, 3, 5, 3]",0
0.0303,0.06061,0.61616,99.12813,0.38384,1.1875,1.98361,5.21053,0.22222,16,19,99,0.22222,0.30303,0.07071,0.0404,0.0,0.0,0.0303,708652.06557,4.88377,4.71593,23679.35294,3.779,3.779,3.62088,3.62088,5.50158,5.41025,0.40741,9.99239,658.55961,0.06061,0.66667,0.06061,0.0,0.0404,0.0,0.0101,0.0,0.0202,0.0,0.0101,6.66667,1.6,3.0625,11.30769,1.17586,5.65789,6.78947,0.0,1.60526,0.0,0.0,0.22222,0.1345,0.16667,0.19298,0.16667,0.52868,0.32295,0.49836,0.4714,0.67948,0.16258,0.67279,0.28264,0.74122,0.30537,0.21311,0.32787,0.62295,"[3, 3, 3, 3]",1
0.02927,0.07805,0.65854,88.86794,0.34146,1.32143,2.13333,5.54054,0.34634,28,37,205,0.14634,0.20488,0.01951,0.01463,0.0,0.0,0.00488,330063.51852,4.01184,4.20541,24694.4,1.998,1.99346,2.49569,2.49569,4.92102,5.0794,0.40541,11.68542,674.78221,0.00321,0.67264,0.08293,0.00488,0.01463,0.0,0.05366,0.0,0.05366,0.0,0.02927,2.0,3.13333,1.65455,12.27778,1.48759,5.75676,8.54054,0.0,1.92857,0.0,0.02778,0.19444,0.29429,0.25,0.33784,0.16667,0.59603,0.25226,0.58817,0.28469,0.75096,0.09089,0.74757,0.20509,0.83279,0.22555,0.11111,0.22222,0.51852,"[3, 3, 4, 3]",2
0.02941,0.06471,0.57647,92.94065,0.42353,1.0,2.08163,9.44444,0.28235,18,18,170,0.18824,0.2,0.01765,0.01176,0.0,0.0,0.00588,351216.05102,4.204,4.33755,988.22222,1.80733,1.62683,2.16356,1.98389,5.12182,5.27558,0.1875,11.73674,737.76387,0.06803,0.56944,0.04118,0.0,0.01765,0.0,0.01765,0.0,0.0,0.0,0.00588,1.66667,2.875,1.54762,10.78125,1.32887,6.11111,14.33333,0.82224,1.36111,0.17647,1.47059,1.17647,0.94118,1.11765,0.80392,1.0,0.77944,0.16422,0.74228,0.0,0.77944,0.16422,0.82821,0.17039,0.88152,0.17508,0.38776,0.16327,0.73469,"[3, 3, 4, 4]",3
0.03731,0.05224,0.58955,76.18512,0.41791,1.06667,2.31646,8.375,0.27612,15,16,134,0.12687,0.22388,0.04478,0.02985,0.0,0.0,0.01493,662979.51899,4.3389,4.58715,79821.6875,2.112,2.112,3.13713,3.13713,5.24572,5.3963,0.65517,10.37839,779.93843,0.04829,0.73086,0.09701,0.0,0.04478,0.0,0.05224,0.0,0.04478,0.0,0.02239,3.75,1.8,1.875,9.65385,1.43855,6.03125,13.125,0.94288,1.41071,0.4,1.86667,0.06667,0.325,0.13333,0.28333,0.06667,0.74735,0.09814,0.7433,0.0,0.78518,0.05711,0.83456,0.09073,0.87462,0.07495,0.20253,0.35443,0.70886,"[4, 3, 4, 4]",4
0.00543,0.05435,0.625,100.99662,0.375,1.5,1.86087,6.13333,0.30978,20,30,184,0.21196,0.25543,0.04891,0.04891,0.0,0.0,0.0,182240.24348,4.12818,4.48994,37540.6,2.65633,2.65633,3.3025,3.3025,5.00335,5.19378,0.11905,11.85796,612.83306,0.10847,0.56706,0.11413,0.0,0.06522,0.0,0.03261,0.0,0.02717,0.0,0.02717,10.0,2.375,0.97826,11.7234,1.56193,6.26667,8.56667,0.99177,1.66667,0.48276,1.75862,0.44828,0.30575,0.44828,0.35862,0.41379,0.66567,0.22354,0.66315,0.22712,0.83828,0.05964,0.79603,0.1746,0.8813,0.13324,0.18261,0.50435,0.6,"[3, 1, 4, 3]",5
0.01905,0.05714,0.52381,81.39286,0.47619,1.15385,2.36364,7.0,0.21905,13,15,105,0.20952,0.22857,0.04762,0.04762,0.0,0.0,0.0,858850.50909,4.23927,4.26915,50571.78571,2.92929,2.93033,2.99207,3.212,5.19441,5.2731,0.14286,9.80253,721.85332,0.06,0.72667,0.10476,0.00952,0.05714,0.0,0.0381,0.0,0.01905,0.0,0.0,0.0,3.5,2.63158,14.95238,1.47571,5.8,9.93333,1.00107,1.1,0.0,0.0,0.07143,0.13333,0.07143,0.08571,0.07143,0.56482,0.28224,0.5527,0.00721,0.55163,0.30808,0.71093,0.25374,0.74489,0.2632,0.21818,0.56364,0.90909,"[3, 1, 3, 3]",6
0.02811,0.1245,0.60241,73.80786,0.39759,1.0,2.36,13.10526,0.21285,19,19,249,0.1245,0.23695,0.1004,0.09639,0.0,0.0,0.00402,294389.14667,4.46676,4.36934,11112.52632,2.01153,2.00368,1.93332,1.91595,5.36368,5.31865,0.12766,13.09575,543.13852,0.00033,0.561,0.16867,0.0,0.10442,0.0,0.05622,0.0,0.03614,0.0,0.01606,1.0,3.71429,2.7234,11.62,1.50858,6.63158,26.63158,0.69535,1.51515,0.05556,0.05556,0.94444,0.65497,1.94444,1.22222,1.61111,0.76521,0.08206,0.7523,0.0,0.76521,0.08206,0.84116,0.07178,0.88744,0.08486,0.22,0.44,0.66,"[3, 2, 5, 3]",7
0.11111,0.01587,0.60317,70.00057,0.39683,1.66667,2.5,4.2,0.25397,9,15,63,0.11111,0.22222,0.03175,0.01587,0.0,0.0,0.01587,152396.81579,3.20584,3.29139,55737.85714,2.20493,2.3418,2.34693,2.5516,4.55332,4.62052,0.4,8.54444,1388.06271,0.03175,0.85714,0.04762,0.01587,0.01587,0.0,0.01587,0.0,0.01587,0.0,0.0,9.5,1.0,1.9,12.6,1.12085,4.93333,4.2,0.93282,1.52,0.0,0.0,0.0,0.00952,0.21429,0.0381,0.14286,0.54446,0.16337,0.54033,0.17312,0.64498,0.14143,0.6772,0.11991,0.73901,0.13491,0.15789,0.34211,0.65789,"[2, 3, 3, 3]",8
0.04516,0.08387,0.59355,84.69688,0.40645,1.05,2.09783,7.38095,0.23226,20,21,155,0.13548,0.23226,0.06452,0.06452,0.0,0.0,0.0,641593.21739,4.08778,4.01134,11381.7619,2.10438,2.10438,2.07633,2.07633,5.11588,5.04936,0.25806,10.6639,692.42744,0.04875,0.6825,0.16129,0.01935,0.08387,0.0,0.05161,0.0,0.05806,0.0,0.03226,5.0,2.0,2.52,10.65625,1.64365,6.0,13.61905,1.11686,1.46032,0.05,0.25,0.15,0.15714,0.25,0.23333,0.25,0.66696,0.22893,0.65562,0.0,0.6753,0.23718,0.79053,0.19461,0.8328,0.19804,0.1087,0.36957,0.68478,"[3, 5, 5, 4]",9
0.03906,0.09375,0.64844,82.87054,0.35156,1.36364,2.18072,8.53333,0.25781,11,15,128,0.17188,0.25781,0.01562,0.00781,0.00781,0.0,0.0,252675.39759,4.39808,4.46214,30989.06667,2.822,2.822,2.79753,2.77733,5.11303,5.12341,0.14815,10.58537,665.87835,0.08207,0.67655,0.10156,0.0,0.02344,0.00781,0.05469,0.00781,0.03906,0.0,0.03125,2.8,3.81818,2.26923,13.27586,1.43613,5.66667,11.26667,0.94518,1.84444,0.07143,0.35714,0.78571,0.64762,0.5,0.51429,0.21429,0.73401,0.12228,0.7191,0.168,0.80059,0.08848,0.81981,0.1002,0.85226,0.09787,0.3253,0.62651,0.54217,"[3, 2, 4, 3]",10
0.02439,0.08537,0.5,84.7242,0.5,1.0,2.41463,8.2,0.15854,10,10,82,0.2439,0.23171,0.08537,0.07317,0.0,0.0,0.0122,400240.07317,4.01876,3.94188,4254.6,1.0737,1.0737,1.2059,1.2059,5.29417,5.21044,0.92857,9.93452,765.52554,0.14634,0.63415,0.14634,0.0,0.09756,0.0,0.03659,0.0,0.03659,0.0,0.06098,0.0,2.5,5.11111,11.42857,1.29049,6.0,11.0,0.81658,1.0,0.0,0.22222,1.55556,1.24444,0.22222,0.22222,0.0,0.69424,0.13895,0.67109,0.0,0.69424,0.13895,0.76035,0.13656,0.79707,0.15578,0.29268,0.21951,1.0,"[3, 2, 4, 3]",11
0.01818,0.01818,0.49091,88.04495,0.50909,1.05882,2.25926,6.11111,0.24545,17,18,110,0.20909,0.20909,0.02727,0.01818,0.0,0.0,0.00909,267008.53704,4.44548,4.43224,8804.8125,2.56331,2.71124,2.89263,3.14853,5.49385,5.51005,0.18182,10.7268,494.64515,0.11,0.60455,0.08182,0.00909,0.02727,0.0,0.02727,0.0,0.02727,0.0,0.01818,7.0,3.0,2.55,13.3913,1.2858,5.75,8.16667,0.0,0.96429,0.29412,1.41176,0.35294,0.42484,0.11765,0.12418,0.11765,0.43155,0.33572,0.47189,0.0,0.51179,0.31796,0.65872,0.32696,0.69392,0.33201,0.12963,0.51852,1.03704,"[3, 3, 5, 3]",12
0.03704,0.03704,0.46914,99.42188,0.53086,1.0,2.15789,6.23077,0.24691,13,13,81,0.17284,0.14815,0.12346,0.12346,0.0,0.0,0.0,153161.81579,4.26595,4.21589,23374.61538,2.97162,2.96462,2.95231,2.93154,5.69235,5.62499,1.0,10.43223,505.18721,0.06173,0.55556,0.17284,0.0,0.12346,0.0,0.03704,0.0,0.04938,0.0,0.01235,1.0,5.0,2.53333,7.83333,1.04179,4.84615,8.38462,0.77687,0.88372,0.16667,1.41667,0.16667,0.20513,0.41667,0.20513,0.25,0.71418,0.12085,0.68615,0.0,0.71418,0.12085,0.79366,0.05261,0.85571,0.05148,0.07895,0.36842,1.13158,"[3, 3, 4, 3]",13
0.024,0.096,0.6,80.0477,0.4,1.16667,2.26667,8.92857,0.176,12,14,125,0.16,0.304,0.112,0.088,0.0,0.0,0.016,234973.4,4.39627,4.39113,3559.85714,2.42757,2.42757,2.58764,2.58764,5.2723,5.2635,0.48649,10.56868,556.76576,0.03231,0.65615,0.16,0.0,0.088,0.0,0.04,0.0,0.056,0.0,0.032,0.0,3.0,2.16667,12.74286,1.20008,5.46429,14.21429,0.81132,1.5,0.0,0.0,0.30769,0.18681,0.53846,0.3956,0.38462,0.74091,0.15857,0.7317,0.04498,0.83067,0.1059,0.82629,0.13727,0.85744,0.14246,0.2,0.33333,0.66667,"[3, 3, 4, 3]",14
0.01389,0.0625,0.51389,93.36235,0.48611,1.30769,2.04054,8.47059,0.26389,13,17,144,0.21528,0.17361,0.08333,0.07639,0.0,0.0,0.00694,1281319.2973,4.34477,4.59199,26307.5,2.68044,2.52276,3.4035,3.37271,5.33137,5.49073,0.71429,10.83878,742.4767,0.10178,0.64222,0.125,0.0,0.09722,0.0,0.02083,0.0,0.04167,0.0,0.02778,4.0,2.28571,1.96875,9.28571,1.5518,5.76471,15.23529,0.81714,1.05714,0.75,3.4375,0.6875,0.78676,0.3125,0.19118,0.125,0.7161,0.16922,0.70768,0.21662,0.78664,0.09179,0.81487,0.10062,0.86778,0.07639,0.10811,0.18919,0.94595,"[3, 4, 4, 3]",15
0.0515,0.02146,0.64807,91.5218,0.35193,1.03704,2.08609,8.32143,0.34764,27,28,233,0.07725,0.22747,0.07296,0.06867,0.0,0.0,0.00429,333212.99338,3.53865,3.75542,7900.64286,1.26186,1.26186,1.32939,1.32939,4.7143,4.86841,0.13953,12.21188,779.83489,0.01664,0.5903,0.09871,0.0,0.07725,0.0,0.02146,0.0,0.0,0.0,0.0,1.5,1.75,1.56,12.34043,1.41043,5.58929,14.32143,0.98082,1.84146,0.03704,0.81481,0.2963,0.17725,0.85185,0.58995,0.7037,0.61495,0.1908,0.60555,0.0,0.65707,0.14386,0.75105,0.15799,0.85332,0.10068,0.2053,0.19868,0.54305,"[2, 2, 3, 2]",16
0.05505,0.02752,0.59633,67.24388,0.40367,1.08333,2.52308,8.38462,0.27523,12,13,109,0.10092,0.23853,0.05505,0.05505,0.0,0.0,0.0,132228.86154,4.21634,4.43374,22408.15385,2.25546,2.24723,3.28408,3.28408,5.12377,5.31017,0.22727,9.98395,764.03494,0.03,0.717,0.10092,0.0,0.05505,0.0,0.04587,0.0,0.02752,0.0,0.0,3.6,4.0,1.92,7.4,1.44068,5.53846,13.46154,0.75458,1.47727,0.16667,0.41667,0.16667,0.17949,0.5,0.35897,0.41667,0.74041,0.09145,0.72742,0.0,0.77298,0.06554,0.82963,0.06507,0.85192,0.05846,0.16923,0.55385,0.67692,"[4, 3, 5, 4]",17
0.01274,0.05096,0.49682,92.80203,0.50318,1.11765,2.19231,8.26316,0.23567,17,19,157,0.16561,0.19745,0.0828,0.06369,0.00637,0.0,0.00637,335350.44872,4.11937,4.20124,30220.73684,2.73932,2.06884,2.78132,2.23168,5.24059,5.29799,0.3913,11.19421,666.34196,0.09483,0.62017,0.14013,0.0,0.06369,0.0,0.05732,0.0,0.04459,0.0,0.01911,0.0,3.5,1.625,10.875,1.34274,5.71053,12.36842,0.85937,0.98734,0.27778,1.94444,0.88889,0.33918,0.5,0.18713,0.38889,0.72692,0.16147,0.66461,0.0414,0.79507,0.09088,0.78955,0.1367,0.8494,0.126,0.15385,0.24359,1.01282,"[3, 2, 4, 3]",18
0.06164,0.08219,0.69863,79.64436,0.30137,1.0,2.18627,9.125,0.32192,16,16,146,0.05479,0.23288,0.06849,0.06849,0.0,0.0,0.0,803762.34314,3.46309,3.84815,2331.4,0.89993,1.17812,1.22687,1.50988,4.48775,4.78679,0.22222,10.71758,779.16703,0.00021,0.6517,0.13699,0.0,0.07534,0.00685,0.0274,0.00685,0.04795,0.00685,0.0274,1.0,2.5,0.92,10.7037,1.23195,5.4375,11.5625,0.8524,2.31818,0.0,0.0,0.33333,0.39167,0.86667,0.61667,0.53333,0.76164,0.06162,0.74385,0.0,0.76164,0.06162,0.83279,0.05706,0.86633,0.06155,0.11765,0.28431,0.43137,"[2, 1, 4, 2]",19
0.05556,0.07639,0.64583,78.595,0.35417,1.07692,2.24731,10.28571,0.29861,13,14,144,0.08333,0.21528,0.03472,0.02778,0.0,0.0,0.00694,211171.30108,4.02887,4.10676,3602.71429,1.05193,1.05193,1.3555,1.3555,5.04094,5.10762,0.0,10.64745,719.45416,0.03,0.71111,0.10417,0.0,0.03472,0.0,0.0625,0.0,0.04167,0.0,0.01389,5.4,2.8,1.70588,15.5,1.59765,6.32143,18.57143,0.81428,1.82353,0.30769,1.07692,0.46154,0.2967,0.46154,0.40659,0.46154,0.8043,0.06571,0.78448,0.0,0.80984,0.06426,0.85847,0.0622,0.87836,0.05936,0.29032,0.25806,0.54839,"[3, 1, 4, 3]",20
0.024,0.088,0.56,85.4621,0.44,1.0,2.2,8.92857,0.272,14,14,125,0.168,0.176,0.048,0.048,0.0,0.0,0.0,234253.1,4.15734,4.14854,1525.85714,2.01886,1.93764,2.26871,2.26871,5.22036,5.19014,0.47059,10.90989,551.40967,0.07,0.625,0.136,0.0,0.048,0.0,0.048,0.0,0.064,0.0,0.04,6.66667,3.90909,2.03125,14.11765,1.37047,5.75,13.64286,0.72355,1.27273,0.15385,0.92308,0.53846,0.35165,0.30769,0.36264,0.30769,0.76398,0.1156,0.70585,0.0,0.76398,0.1156,0.80946,0.12864,0.85547,0.13824,0.2,0.25714,0.78571,"[3, 3, 4, 3]",21
0.01299,0.06494,0.49351,80.83942,0.50649,1.0,2.42105,8.55556,0.16883,9,9,77,0.28571,0.24675,0.06494,0.05195,0.0,0.0,0.01299,280612.0,4.44568,4.41566,13871.22222,2.83333,2.83333,3.02722,3.02722,5.45457,5.42022,0.27778,9.83095,616.25364,0.09091,0.63636,0.12987,0.01299,0.05195,0.0,0.06494,0.01299,0.03896,0.0,0.0,0.0,5.0,2.22222,10.1875,1.22484,6.38889,14.77778,0.86865,0.97436,0.125,0.125,1.125,0.75,0.75,0.36111,0.375,0.74551,0.21428,0.75281,0.0,0.74551,0.21428,0.83881,0.17667,0.87133,0.13666,0.18421,0.34211,1.02632,"[3, 1, 3, 3]",22
0.01887,0.07547,0.57547,78.33491,0.42453,1.0,2.13115,7.57143,0.29245,14,14,106,0.23585,0.18868,0.01887,0.00943,0.0,0.0,0.00943,536590.31148,4.08221,4.44757,3480.21429,2.12879,1.87,2.58964,2.58964,5.00442,5.20555,0.35294,9.89828,651.62015,0.12,0.70857,0.06604,0.0,0.01887,0.0,0.0283,0.0,0.0,0.0,0.0283,3.0,1.5,1.69231,12.11765,1.2445,5.21429,11.5,0.88802,1.35556,0.61538,3.61538,0.84615,0.51648,0.15385,0.0989,0.15385,0.73568,0.12511,0.71992,0.0,0.73568,0.12511,0.80902,0.1282,0.83392,0.12154,0.13115,0.42623,0.7377,"[3, 2, 5, 3]",23
0.0274,0.06849,0.52055,91.2334,0.47945,1.0,2.13158,9.125,0.21918,8,8,73,0.21918,0.20548,0.12329,0.08219,0.0,0.0,0.0274,355634.97368,4.76813,4.55,5788.0,3.19875,2.99538,3.06387,3.06325,5.58229,5.42484,0.28571,9.41793,791.91222,0.06849,0.69863,0.12329,0.0,0.08219,0.0,0.0274,0.0,0.0411,0.0,0.0137,0.0,2.8,1.75,10.69231,1.6789,6.625,15.5,0.63758,1.08571,0.42857,1.0,1.0,0.57143,0.85714,0.28571,0.71429,0.79421,0.08637,0.72124,0.0,0.79421,0.08637,0.80491,0.07678,0.84302,0.0722,0.15789,0.31579,0.92105,"[3, 3, 3, 3]",24
0.05202,0.01734,0.60694,87.05624,0.39306,1.33333,2.21905,6.17857,0.34682,21,28,173,0.07514,0.19075,0.05202,0.04046,0.00578,0.0,0.00578,463127.91429,3.86648,4.06565,7488.07692,2.33227,2.3557,2.65327,2.66696,4.97379,5.1233,0.31034,11.18279,633.04733,0.04378,0.66514,0.10983,0.0,0.04046,0.0,0.04624,0.0,0.04046,0.0,0.02312,2.33333,1.0,1.65909,10.46429,1.39909,5.67857,8.46429,0.0,1.54412,0.03704,0.40741,0.14815,0.09788,0.14815,0.16931,0.11111,0.52555,0.2111,0.51613,0.21315,0.66876,0.12788,0.68873,0.19459,0.80229,0.1904,0.05714,0.18095,0.64762,"[3, 3, 4, 3]",25
0.06667,0.1,0.58333,96.19,0.41667,1.15385,2.01429,8.0,0.18333,13,15,120,0.15,0.23333,0.05,0.01667,0.0,0.0,0.03333,357279.42857,4.7545,4.59206,50878.71429,2.75486,3.00547,2.687,2.92373,5.52519,5.41423,0.21739,11.06998,563.11159,0.08381,0.56571,0.10833,0.075,0.01667,0.0,0.0,0.00833,0.01667,0.0,0.01667,8.33333,3.0,1.33333,13.04348,1.14949,5.46667,13.4,0.84939,1.4,0.21429,0.92857,0.42857,0.41905,0.5,0.50476,0.5,0.75593,0.13035,0.68503,0.0456,0.79102,0.14495,0.81238,0.15079,0.85851,0.14163,0.31429,0.51429,0.71429,"[3, 1, 4, 3]",26
0.05405,0.02703,0.59459,75.46222,0.40541,1.0,2.36364,4.11111,0.18919,9,9,37,0.21622,0.32432,0.05405,0.02703,0.0,0.0,0.02703,305507.22727,3.74918,3.76682,15516.55556,2.53967,2.53967,2.71211,2.71211,4.91459,4.88414,0.0,8.13559,846.82893,0.18919,0.72973,0.05405,0.0,0.02703,0.0,0.02703,0.0,0.02703,0.0,0.0,1.0,1.0,1.4,11.44444,0.99471,4.61111,3.66667,0.8502,1.46667,0.5,1.75,0.5,0.58333,0.125,0.05556,0.0,0.5975,0.06395,0.61436,0.0,0.5975,0.06395,0.72611,0.08493,0.77222,0.11018,0.22727,0.45455,0.68182,"[2, 2, 2, 2]",27
0.08163,0.02041,0.65306,88.72084,0.34694,1.0,2.0625,8.90909,0.35714,11,11,98,0.11224,0.19388,0.05102,0.05102,0.0,0.0,0.0,68938.625,3.13463,3.49859,1368.4,0.5897,0.5897,0.8037,0.8037,4.37651,4.60539,0.53846,10.05861,670.72878,0.05102,0.65306,0.08163,0.0,0.05102,0.0,0.03061,0.0,0.02041,0.0,0.0,1.25,0.5,2.61905,10.13333,1.19201,4.81818,19.45455,0.0,1.88235,0.0,0.6,0.5,0.45455,0.8,0.56364,0.8,0.1979,0.32787,0.25469,0.0,0.1979,0.32787,0.44453,0.39204,0.45466,0.402,0.09375,0.14062,0.53125,"[1, 2, 3, 2]",28
0.02395,0.09581,0.62874,79.35743,0.37126,1.09524,2.24762,7.26087,0.29341,21,23,167,0.13174,0.21557,0.04192,0.01796,0.0,0.0,0.02395,317621.45714,3.98869,4.009,505.17391,1.41643,1.25313,1.48126,1.25843,4.91143,4.92995,0.30769,11.27629,607.97833,0.05015,0.66809,0.05988,0.00599,0.01796,0.0,0.02994,0.0,0.03593,0.0,0.01198,7.0,3.33333,2.02564,12.96429,1.34253,5.26087,9.56522,0.87684,1.69355,0.0,0.0,0.40909,0.27668,0.63636,0.43083,0.5,0.70541,0.20984,0.69352,0.18874,0.78927,0.05937,0.81037,0.15667,0.87778,0.07515,0.2381,0.20952,0.59048,"[3, 1, 4, 3]",29
0.0,0.03968,0.76984,76.59764,0.23016,1.25,2.18557,6.3,0.61111,16,20,126,0.07143,0.11905,0.01587,0.00794,0.0,0.0,0.00794,651647.3299,3.07928,4.78016,12091.9,1.9816,1.9816,3.1991,3.1991,3.90722,5.19014,0.0,10.21216,686.6596,0.07519,0.67667,0.11111,0.0,0.03968,0.00794,0.04762,0.00794,0.03968,0.0,0.01587,0.0,2.6,0.87097,11.61538,1.53899,4.975,10.75,1.47765,3.34483,0.0,0.26316,0.10526,0.22105,0.21053,0.19474,0.10526,0.57845,0.25963,0.53277,0.29007,0.72536,0.13087,0.71133,0.22726,0.78022,0.22772,0.0,0.0,0.29897,"[4, 4, 4, 5]",30
0.0226,0.02825,0.57062,91.06547,0.42938,1.1,2.19802,8.04545,0.29379,20,22,177,0.11864,0.22599,0.07345,0.0678,0.0,0.0,0.00565,566075.17822,4.05017,4.2161,2395.40909,1.89827,1.86441,2.12873,2.0405,5.10785,5.18967,0.41935,11.1693,955.38864,0.05821,0.63974,0.11864,0.01695,0.0678,0.0,0.0226,0.0,0.0339,0.0,0.0113,6.33333,3.6,1.76087,12.9697,1.48109,5.77273,12.81818,0.0,1.32895,0.09524,0.66667,0.2381,0.24675,0.38095,0.41126,0.33333,0.6884,0.14342,0.65888,0.1062,0.73725,0.1101,0.78201,0.13181,0.83658,0.13234,0.0495,0.35644,0.75248,"[3, 2, 4, 3]",31
0.04955,0.03604,0.59459,96.07883,0.40541,1.0,1.91667,12.33333,0.36486,18,18,222,0.14865,0.14414,0.07658,0.06306,0.0,0.0,0.01351,713901.30303,3.18976,3.85519,184.66667,0.53133,0.48689,0.92267,0.92267,4.53377,5.01941,0.44444,12.03227,614.52102,0.07992,0.61268,0.08559,0.0,0.06757,0.0,0.01802,0.0,0.01351,0.0,0.0045,4.0,2.875,1.56863,11.35,1.68757,6.86111,24.38889,1.05983,1.46667,0.41176,2.52941,0.94118,0.64052,0.82353,0.47059,0.76471,0.73566,0.11011,0.70425,0.0,0.73566,0.11011,0.8078,0.09474,0.85765,0.10485,0.18182,0.10606,0.68182,"[2, 3, 4, 3]",32
0.02247,0.03371,0.48315,99.11835,0.51685,1.11111,2.11628,8.9,0.17978,9,10,89,0.23596,0.24719,0.11236,0.10112,0.0,0.0,0.01124,160558.53488,4.3633,4.23391,1656.44444,2.623,2.9886,2.52767,2.8567,5.47053,5.32485,0.26316,10.14674,974.695,0.14607,0.61798,0.1573,0.0,0.11236,0.0,0.03371,0.0,0.03371,0.0,0.02247,0.0,2.33333,2.84615,11.3,1.36879,6.25,13.1,0.82011,0.93478,0.33333,1.11111,1.22222,1.13333,0.22222,0.17778,0.22222,0.60369,0.32692,0.60532,0.0,0.76996,0.05802,0.73977,0.26348,0.75184,0.26764,0.13953,0.32558,1.06977,"[3, 2, 3, 4]",33
0.0119,0.0119,0.54762,68.50143,0.45238,1.0,2.78261,7.0,0.32143,12,12,84,0.11905,0.20238,0.02381,0.02381,0.0,0.0,0.0,63599.52174,3.66917,3.6077,1256.66667,1.57533,1.57533,1.44608,1.44608,5.12332,5.09045,0.46667,11.03313,438.30806,0.02381,0.4881,0.04762,0.0,0.02381,0.0,0.02381,0.0,0.0119,0.0,0.0,0.0,5.0,1.2381,10.86667,1.1002,5.08333,8.91667,0.76162,1.21053,0.09091,0.18182,1.18182,0.9697,1.18182,1.0303,1.09091,0.82305,0.08408,0.79963,0.0,0.82305,0.08408,0.86744,0.06901,0.90126,0.06871,0.15217,0.45652,0.82609,"[2, 1, 3, 2]",34
0.06504,0.04878,0.5122,84.67166,0.4878,1.21429,2.42857,7.23529,0.21951,14,17,123,0.18699,0.17886,0.09756,0.08943,0.0,0.0,0.00813,76171.92063,3.85603,3.89811,23464.3125,2.34831,2.30825,2.29575,2.29575,5.26991,5.23988,0.4,10.7059,953.51921,0.08958,0.61792,0.1626,0.0,0.09756,0.0,0.05691,0.0,0.04878,0.0,0.01626,3.5,3.0,2.04762,12.88235,1.31996,5.32353,12.58824,0.0,1.05,0.25,0.875,0.3125,0.40441,0.0625,0.15441,0.0625,0.62393,0.26504,0.59013,0.22091,0.75517,0.07585,0.74233,0.21885,0.778,0.22536,0.11111,0.33333,0.95238,"[3, 1, 4, 3]",35
0.0,0.05797,0.94203,88.0213,0.05797,1.0,1.81538,9.85714,0.86957,7,7,69,0.0,0.01449,0.01449,0.0,0.0,0.0,0.01449,3352974.69231,2.55731,4.63363,0.0,0.0,0.0,0.55529,0.55529,2.8041,4.76017,0.0,9.82773,551.65473,0.0,0.6087,0.13043,0.0,0.08696,0.0,0.01449,0.0,0.0,0.0,0.02899,0.0,3.0,0.9,15.0,2.18726,4.5,18.57143,1.68985,16.25,0.0,0.0,3.0,2.04762,3.0,2.14286,3.0,0.79477,0.09899,0.72274,0.0,0.79477,0.09899,0.8013,0.09189,0.82815,0.10863,0.0,0.0,0.06154,"[2, 2, 2, 2]",36
0.0303,0.0,0.75758,89.2067,0.24242,1.0,1.96,8.25,0.60606,4,4,33,0.15152,0.12121,0.0,0.0,0.0,0.0,0.0,365734.12,2.82696,3.75008,371.25,0.90175,0.90175,1.44725,1.44725,3.73294,4.46252,1.0,8.16283,417.59133,0.0303,0.66667,0.0,0.0,0.0,0.0,0.0,0.0,0.0,0.0,0.0,0.0,0.0,1.21429,0.0,1.37271,6.25,10.5,1.1282,3.125,0.66667,3.33333,1.33333,0.83333,1.66667,1.0,1.66667,0.78021,0.00559,0.6915,0.0,0.78021,0.00559,0.77689,0.01607,0.79624,0.02351,0.28,0.24,0.32,"[1, 1, 1, 1]",37
0.03147,0.08741,0.60839,78.40355,0.39161,1.21875,2.2069,7.33333,0.21678,32,39,286,0.22727,0.27273,0.09091,0.04196,0.0,0.0035,0.03497,525898.41379,4.62984,4.68659,302293.97368,3.02839,2.99103,3.31079,3.30449,5.35197,5.35863,0.33803,13.31545,538.51101,0.08807,0.54738,0.10839,0.0035,0.04196,0.0,0.05594,0.0,0.04895,0.0,0.00699,3.66667,1.875,1.3,11.46377,1.31176,6.0641,11.74359,0.0,1.55357,0.36842,1.5,1.05263,0.52767,0.65789,0.4143,0.65789,0.7339,0.17759,0.71099,0.20757,0.79724,0.13685,0.83085,0.13405,0.91969,0.11375,0.11494,0.29885,0.64368,"[4, 3, 5, 4]",38
0.01942,0.0,0.69903,98.87848,0.30097,1.0,1.88889,9.36364,0.47573,11,11,103,0.02913,0.20388,0.08738,0.08738,0.0,0.0,0.0,548583.0,3.28838,4.39326,44747.36364,1.19273,1.19273,2.29827,2.29827,4.39695,5.21038,0.2,11.27473,603.85117,0.06,0.5025,0.16505,0.0,0.14563,0.0,0.01942,0.0,0.01942,0.0,0.0,0.0,0.0,1.09756,11.93333,1.48093,5.45455,18.18182,1.57582,2.32258,0.3,1.6,1.1,1.03636,1.4,1.29091,1.1,0.67811,0.1203,0.61644,0.0,0.67811,0.1203,0.74462,0.14972,0.79713,0.15568,0.08333,0.25,0.43056,"[2, 2, 4, 3]",39
0.04145,0.03627,0.61658,68.25318,0.38342,1.03226,2.4958,6.03125,0.25389,31,32,193,0.14508,0.28497,0.06218,0.05181,0.0,0.0,0.01036,169839.4958,4.18707,4.45253,16585.5625,2.645,2.645,3.48059,3.47878,5.11589,5.2665,0.26531,11.45003,637.5502,0.07287,0.66362,0.12435,0.0,0.05699,0.00518,0.04145,0.00518,0.04145,0.0,0.02073,7.85714,2.0,2.07692,10.72,1.34484,5.375,8.34375,0.87534,1.60811,0.0,0.0,0.16129,0.13911,0.12903,0.27016,0.12903,0.61843,0.16817,0.62091,0.0,0.63229,0.16307,0.76652,0.13253,0.86544,0.109,0.11765,0.44538,0.62185,"[3, 2, 4, 3]",40
0.03922,0.01961,0.62745,61.6585,0.37255,1.0,2.65625,4.63636,0.33333,11,11,51,0.09804,0.23529,0.03922,0.03922,0.0,0.0,0.0,72613.375,2.98572,3.0525,18012.72727,1.13045,1.13045,1.19255,1.19255,4.42022,4.44312,0.0,8.21397,1502.66175,0.01961,0.86275,0.07843,0.0,0.03922,0.0,0.01961,0.0,0.01961,0.0,0.01961,0.0,0.0,1.83333,14.875,1.03961,5.54545,5.18182,1.01422,1.68421,0.0,0.0,0.1,0.03636,0.1,0.05455,0.1,0.54819,0.1371,0.53706,0.0,0.54819,0.1371,0.65533,0.13902,0.73829,0.13265,0.03125,0.25,0.59375,"[3, 3, 4, 3]",41
0.0,0.00826,0.85124,96.88166,0.14876,1.0625,1.83495,7.11765,0.81818,16,17,121,0.0,0.02479,0.06612,0.06612,0.0,0.0,0.0,2443837.72816,2.4669,4.25552,190.11765,0.63859,0.63859,0.97559,0.97559,3.18936,4.70807,0.0,10.6771,999.73698,0.0,0.6,0.13223,0.0,0.1157,0.0,0.01653,0.0,0.00826,0.0,0.0,0.0,2.0,0.5283,19.0,1.51432,5.35294,13.94118,1.81557,5.72222,0.0,0.0,0.75,0.52206,0.8125,0.55147,0.8125,0.5156,0.23195,0.43036,0.0,0.50984,0.23414,0.60675,0.20058,0.68741,0.2189,0.0,0.0,0.17476,"[2, 2, 2, 2]",42
0.08917,0.01911,0.63057,85.63901,0.36943,1.04545,2.27273,6.82609,0.36943,22,23,157,0.10191,0.15287,0.14013,0.14013,0.0,0.0,0.0,576165.60606,1.92551,2.32147,21832.5,0.35027,0.551,0.32145,0.5243,3.70546,3.96114,0.18182,9.95493,2613.12059,0.03362,0.77845,0.1465,0.0,0.14013,0.0,0.00637,0.0,0.0,0.0,0.0,1.25,1.0,1.375,10.42857,1.32733,5.26087,9.34783,1.18085,1.7069,0.04545,0.27273,0.0,0.02767,0.04545,0.01581,0.0,0.4755,0.18181,0.41822,0.0,0.47566,0.18633,0.58714,0.17536,0.67699,0.15572,0.15152,0.12121,0.58586,"[1, 1, 2, 1]",43
0.0625,0.125,0.625,75.3075,0.375,1.33333,2.3,6.0,0.27083,6,8,48,0.125,0.16667,0.0625,0.0625,0.0,0.0,0.0,833051.13333,4.45567,4.55153,5038.71429,3.00371,3.39675,3.02414,3.382,5.27856,5.33154,0.14286,8.44436,777.57407,0.04167,0.77083,0.14583,0.0,0.0625,0.0,0.0625,0.0,0.0625,0.0,0.02083,4.0,3.66667,1.18182,12.14286,1.5683,5.875,8.375,0.87635,1.66667,0.14286,0.57143,0.14286,0.10714,0.14286,0.25,0.14286,0.72777,0.09733,0.73421,0.06462,0.84569,0.02941,0.81595,0.05428,0.83639,0.05373,0.23333,0.6,0.6,"[3, 2, 4, 3]",44
0.14035,0.07018,0.61404,81.27055,0.38596,1.0,2.22857,5.7,0.19298,10,10,57,0.15789,0.21053,0.05263,0.05263,0.0,0.0,0.0,194131.51429,4.81186,4.70586,20062.5,3.8139,3.7942,3.8964,3.8964,5.48449,5.39354,0.3,8.79019,838.91799,0.05263,0.75439,0.10526,0.0,0.05263,0.0,0.03509,0.0,0.01754,0.0,0.01754,3.28571,5.0,2.3,11.45455,1.28417,5.15,7.9,0.6709,1.59091,0.11111,0.66667,0.33333,0.13333,0.22222,0.24444,0.11111,0.74972,0.04982,0.69383,0.0,0.74972,0.04982,0.78735,0.03648,0.82842,0.03693,0.2,0.42857,0.62857,"[3, 3, 3, 3]",45
0.0438,0.0219,0.59124,83.64257,0.40876,1.0,2.2963,7.61111,0.30657,18,18,137,0.12409,0.21898,0.09489,0.09489,0.0,0.0,0.0,1268143.91358,3.56127,4.27044,5169.27778,1.89889,1.81994,2.27539,2.27539,4.87164,5.30774,0.71429,12.06262,575.98554,0.05553,0.49868,0.11679,0.0,0.09489,0.0,0.0073,0.0,0.0146,0.0,0.0146,0.25,3.33333,1.13793,8.95833,1.2691,5.41667,10.83333,0.86332,1.44643,0.11765,0.58824,0.82353,0.38562,1.0,0.48366,1.0,0.6593,0.1601,0.58788,0.0,0.6593,0.1601,0.72521,0.15124,0.85148,0.11711,0.07407,0.65432,0.69136,"[3, 3, 4, 3]",46
0.03289,0.04605,0.56579,87.20468,0.43421,1.28571,2.23256,8.44444,0.25,14,18,152,0.125,0.23684,0.05263,0.05263,0.0,0.0,0.0,104764.0,4.15595,3.916,3661.22222,2.81039,2.81039,2.32594,2.2135,5.18376,5.04826,0.5625,11.12347,694.95759,0.02132,0.65585,0.11184,0.0,0.05263,0.0,0.02632,0.0,0.03947,0.00658,0.02632,2.2,5.2,2.03448,11.57576,1.62897,6.08333,15.05556,0.76468,1.30303,0.11765,0.29412,0.35294,0.43791,0.35294,0.50327,0.35294,0.7527,0.09976,0.71223,0.07735,0.80471,0.07527,0.8187,0.10193,0.86376,0.10792,0.23256,0.32558,0.76744,"[4, 4, 5, 4]",47
0.06369,0.05096,0.59873,74.84754,0.40127,1.0,2.24468,14.27273,0.24841,11,11,157,0.21019,0.23567,0.07643,0.07643,0.0,0.0,0.0,228274.11702,4.45584,4.32457,551.36364,1.912,1.72873,2.28945,2.28945,5.30709,5.24282,0.35484,11.35048,746.60588,0.04845,0.60845,0.11465,0.0,0.0828,0.0,0.03185,0.0,0.02548,0.0,0.0,4.1,4.71429,1.7,12.93939,1.71153,6.81818,29.0,0.67185,1.49206,1.1,3.6,1.8,1.36364,2.6,1.81818,2.2,0.82684,0.06858,0.80467,0.0,0.82684,0.06858,0.86935,0.06023,0.88976,0.06471,0.14894,0.58511,0.67021,"[3, 3, 4, 3]",48
0.02201,0.04717,0.57547,81.64581,0.42453,1.11111,2.26776,10.6,0.27673,27,30,318,0.12579,0.22956,0.04088,0.0283,0.0,0.0,0.01258,433631.43169,4.12963,4.25751,2400.73333,1.91607,1.74837,2.33093,2.172,5.20413,5.28066,0.11765,11.8989,803.66409,0.04909,0.67187,0.11321,0.00629,0.03145,0.0,0.06289,0.0,0.04717,0.0,0.01258,4.5,2.07692,1.0,12.63636,1.66755,6.56667,17.7,0.74857,1.35556,0.2069,0.62069,0.48276,0.22989,0.48276,0.32184,0.34483,0.75049,0.14661,0.72935,0.2353,0.78649,0.11302,0.83872,0.10017,0.88502,0.08937,0.15847,0.22951,0.7377,"[4, 1, 5, 3]",49
0.00694,0.03472,0.58333,86.35096,0.41667,1.18182,2.22619,5.53846,0.28472,22,26,144,0.16667,0.25694,0.04861,0.02083,0.0,0.0,0.02083,166397.79762,3.80087,3.57546,1238.65385,1.89362,1.70896,1.54715,1.30096,4.87469,4.68679,0.46667,10.55668,661.89783,0.03911,0.73333,0.09722,0.01389,0.02083,0.0,0.04861,0.0,0.02778,0.0,0.01389,2.0,1.0,2.2069,11.71875,1.48515,5.5,8.38462,1.28721,1.4,0.08,0.32,0.2,0.08615,0.28,0.15385,0.16,0.4027,0.34466,0.44205,0.0955,0.55957,0.30696,0.62391,0.31052,0.84002,0.18261,0.16667,0.33333,0.71429,"[3, 2, 5, 3]",50
0.03791,0.04265,0.54976,81.95097,0.45024,1.0,2.25862,9.17391,0.23223,23,23,211,0.21327,0.23697,0.06161,0.04265,0.0,0.0,0.01896,249919.55172,4.50556,4.39479,7261.82609,2.52687,2.34243,2.58304,2.50191,5.30339,5.21249,0.26087,11.38645,768.30448,0.04125,0.66321,0.15166,0.02844,0.04739,0.0,0.06635,0.00474,0.04265,0.0,0.01422,3.75,3.33333,1.62222,14.25,1.62002,6.86957,14.52174,0.71409,1.22105,0.18182,0.72727,0.54545,0.5336,0.63636,0.3834,0.45455,0.78787,0.12536,0.7657,0.0,0.78787,0.12536,0.85878,0.0987,0.89725,0.09969,0.12931,0.35345,0.81897,"[3, 3, 4, 3]",51
0.04651,0.04651,0.55814,102.3989,0.44186,1.0,1.91667,9.55556,0.30233,9,9,86,0.10465,0.16279,0.12791,0.12791,0.0,0.0,0.0,2042386.66667,2.92848,3.37442,0.33333,0.0,0.0,0.134,0.134,4.68738,4.93005,0.18182,10.67877,593.24619,0.06977,0.53488,0.15116,0.0,0.15116,0.0,0.0,0.0,0.02326,0.0,0.02326,2.0,0.0,0.92308,15.54545,1.19949,5.22222,16.55556,1.14799,1.26316,0.25,1.125,0.5,0.61111,0.625,0.66667,0.625,0.66619,0.0848,0.66196,0.0,0.66619,0.0848,0.7655,0.05432,0.8012,0.05215,0.02083,0.08333,0.79167,"[2, 2, 4, 2]",53
0.01481,0.02963,0.46667,90.70688,0.53333,1.0,2.12698,16.875,0.25926,8,8,135,0.15556,0.16296,0.08889,0.08889,0.0,0.0,0.0,755337.60317,4.03267,4.09471,966.125,1.11775,1.11775,1.66537,1.66537,5.35768,5.35462,0.38095,12.48733,568.089,0.06528,0.445,0.14815,0.01481,0.0963,0.0,0.02963,0.0,0.02963,0.0,0.02222,0.0,3.33333,1.44444,13.0,1.71751,7.125,38.5,0.70886,0.875,4.28571,11.14286,4.14286,3.57143,2.57143,2.14286,2.28571,0.83209,0.08815,0.83288,0.0,0.83209,0.08815,0.88475,0.04309,0.90929,0.03795,0.11111,0.14286,1.14286,"[3, 2, 4, 3]",54
0.0122,0.06098,0.54878,80.7144,0.45122,1.25,2.43333,6.56,0.28659,20,25,164,0.12195,0.18902,0.06098,0.03049,0.0,0.0,0.03049,537580.67778,4.54216,4.48457,821871.34783,3.08113,3.31736,3.41478,3.57396,5.5779,5.52865,0.46667,11.53624,577.20173,0.04692,0.61338,0.09756,0.0,0.03659,0.0,0.05488,0.0,0.03659,0.0,0.0122,5.5,2.7,2.0,10.89286,1.15585,5.02,9.28,1.42008,1.21622,0.16667,1.33333,0.125,0.16333,0.08333,0.20667,0.04167,0.49455,0.29893,0.50707,0.27601,0.71911,0.11614,0.68926,0.27567,0.76507,0.28525,0.38889,0.41111,0.82222,"[4, 3, 4, 3]",55
0.03463,0.04762,0.60173,98.16074,0.39827,1.25806,2.0,5.92308,0.29437,31,39,231,0.17316,0.22511,0.02597,0.01732,0.0,0.0,0.00433,158174.7482,4.25712,4.30605,17709.25,2.5865,2.56841,2.82017,2.94454,5.03388,5.06574,0.51163,11.94737,576.13042,0.06803,0.61205,0.07792,0.0,0.02165,0.0,0.04329,0.0,0.03463,0.0,0.01299,2.5,1.8,1.5625,12.10638,1.34301,5.79487,8.05128,1.05834,1.51087,0.05263,0.21053,0.28947,0.22942,0.39474,0.23482,0.31579,0.64974,0.17132,0.62395,0.11709,0.74031,0.11517,0.76578,0.12318,0.88249,0.10656,0.17266,0.34532,0.66187,"[3, 3, 4, 3]",56
0.01299,0.06494,0.48052,81.95134,0.51948,1.0,2.37838,9.625,0.16883,8,8,77,0.28571,0.23377,0.06494,0.05195,0.0,0.0,0.01299,302246.89189,4.70065,4.60184,44175.25,3.033,3.033,3.27037,3.27037,5.58731,5.53542,0.29412,9.90782,603.67703,0.07792,0.62338,0.12987,0.01299,0.05195,0.0,0.06494,0.01299,0.03896,0.0,0.0,0.0,5.0,2.1,10.1875,1.22443,6.375,17.125,0.89611,0.925,0.0,0.0,1.28571,1.03571,0.71429,0.42857,0.28571,0.70803,0.23339,0.7181,0.0,0.70803,0.23339,0.81761,0.18734,0.84765,0.13775,0.18919,0.35135,1.08108,"[3, 1, 3, 3]",57
0.02941,0.00368,0.54412,82.78408,0.45588,1.22727,2.34459,10.07407,0.23529,22,27,272,0.14706,0.27574,0.05882,0.05147,0.00368,0.0,0.00368,138751.18919,4.24927,4.10861,34051.92593,2.45163,2.416,2.47015,2.45907,5.28548,5.21616,0.45588,12.01702,671.94102,0.07121,0.66983,0.08824,0.00735,0.05147,0.0,0.01471,0.0,0.01838,0.00735,0.00735,0.6,1.0,1.72414,11.67188,1.66285,6.16667,17.37037,0.813,1.19355,0.53846,1.96154,0.88462,0.53846,0.92308,0.42735,0.92308,0.73206,0.11152,0.70142,0.08578,0.80731,0.06091,0.82256,0.07408,0.88959,0.06603,0.21622,0.35811,0.83784,"[3, 1, 4, 3]",58
0.03593,0.06587,0.57485,95.56821,0.42515,1.21053,2.15625,7.26087,0.29341,19,23,167,0.08383,0.17964,0.13174,0.12575,0.0,0.0,0.00599,269951.86458,4.18524,4.26943,9890.43478,2.62343,2.62343,2.70039,2.70039,5.37821,5.40663,0.09091,11.04368,806.76376,0.05412,0.61926,0.16168,0.00599,0.13772,0.0,0.01198,0.0,0.01198,0.0,0.00599,5.25,1.75,2.16667,12.47826,1.33128,5.84783,11.17391,0.84807,1.35211,0.31818,1.13636,0.31818,0.11067,0.36364,0.13834,0.36364,0.61253,0.13784,0.56723,0.1948,0.67739,0.10357,0.72237,0.11617,0.80799,0.09225,0.11458,0.30208,0.73958,"[3, 2, 3, 3]",59
0.01365,0.06485,0.51877,90.90928,0.48123,1.65385,2.25,6.81395,0.20137,26,43,293,0.22867,0.23891,0.06826,0.05802,0.0,0.0,0.01024,521293.36842,4.48967,4.42737,11000.76744,3.09798,3.07242,3.17933,3.17933,5.42188,5.32145,0.73333,12.23815,641.38558,0.11103,0.68572,0.13993,0.01706,0.06826,0.0,0.04437,0.0,0.03072,0.0,0.01365,2.0,2.6,2.05882,11.79032,1.39021,6.04651,11.65116,0.87952,1.07801,0.02381,0.28571,0.42857,0.37984,0.2381,0.12625,0.19048,0.64464,0.18378,0.63875,0.19528,0.82827,0.04918,0.78781,0.15104,0.88579,0.11894,0.25658,0.26316,0.92763,"[3, 3, 4, 3]",60
0.05,0.075,0.55,89.43947,0.45,1.05556,2.21212,6.31579,0.19167,18,19,120,0.13333,0.23333,0.025,0.025,0.0,0.0,0.0,335151.92424,4.39942,4.34471,3417.94444,2.53417,2.72505,2.49878,2.68595,5.38487,5.35133,0.22222,10.41251,831.6725,0.06143,0.67952,0.10833,0.0,0.025,0.0,0.03333,0.0,0.03333,0.0,0.06667,2.75,3.44444,1.10526,10.88462,1.27009,5.42105,8.31579,0.85084,1.22222,0.05556,0.22222,0.16667,0.15205,0.05556,0.15205,0.05556,0.70708,0.13305,0.66487,0.0,0.72513,0.13992,0.79259,0.15127,0.83163,0.14413,0.22727,0.4697,0.81818,"[3, 1, 4, 3]",61
0.04,0.075,0.57,92.32667,0.435,1.0,2.0614,8.33333,0.235,24,24,200,0.135,0.22,0.065,0.065,0.0,0.0,0.0,197560.33333,4.35261,4.37885,9989.70833,1.94271,1.94271,2.15254,2.15254,5.40732,5.44398,0.55882,13.01223,532.52408,0.07149,0.5104,0.085,0.0,0.065,0.0,0.02,0.0,0.02,0.0,0.0,3.75,4.23077,2.97368,11.91892,1.28861,5.45833,12.08333,0.71323,1.31034,0.17391,1.0,0.65217,0.42754,0.78261,0.51087,0.69565,0.74716,0.09979,0.7159,0.0,0.74716,0.09979,0.828,0.05938,0.90025,0.05534,0.14035,0.33333,0.76316,"[3, 3, 5, 3]",62
0.03883,0.02913,0.58738,81.05323,0.41262,1.12903,2.35537,5.88571,0.29612,31,35,206,0.12621,0.2233,0.04369,0.04369,0.0,0.0,0.0,251387.17355,3.88345,3.93874,28837.67647,2.01638,2.1264,2.27374,2.37009,5.04179,5.03833,0.15789,11.80107,583.97601,0.07243,0.60654,0.1068,0.00971,0.0534,0.0,0.04369,0.0,0.03883,0.0,0.00485,6.5,4.0,2.19444,13.85,1.34344,5.08571,10.45714,1.26567,1.42353,0.11765,0.26471,0.20588,0.12269,0.14706,0.20168,0.08824,0.50914,0.2668,0.5014,0.0214,0.48851,0.27842,0.67882,0.23876,0.85907,0.16143,0.08264,0.33058,0.70248,"[4, 1, 4, 4]",63
0.03704,0.06878,0.55026,79.86761,0.44974,1.0,2.375,8.59091,0.2381,22,22,189,0.19048,0.20635,0.08995,0.06878,0.0,0.00529,0.01058,327352.23077,4.1827,4.28705,2158.59091,2.16591,2.16591,2.45055,2.45055,5.29508,5.36572,0.65714,10.9776,793.31245,0.02956,0.69578,0.13228,0.0,0.07407,0.0,0.05291,0.0,0.03175,0.0,0.00529,2.33333,2.91667,1.84211,12.87097,1.45358,6.18182,12.90909,0.72402,1.22353,0.19048,0.66667,0.42857,0.20779,0.47619,0.22078,0.38095,0.80415,0.0733,0.7652,0.0,0.80415,0.0733,0.85379,0.07876,0.88629,0.08447,0.35577,0.41346,0.81731,"[3, 3, 4, 3]",64
0.03226,0.08065,0.55376,72.41815,0.44624,1.29412,2.47573,8.45455,0.1828,17,22,186,0.18817,0.25806,0.05376,0.01613,0.00538,0.0,0.02151,319859.04854,4.69395,4.47581,29133.57143,3.25814,3.31618,2.95738,3.05714,5.45431,5.32063,0.52174,11.17214,645.01947,0.05989,0.6623,0.10215,0.01075,0.02688,0.0,0.05376,0.0,0.04301,0.0,0.03226,2.8,2.85714,2.03333,13.5,1.40738,5.86364,15.31818,0.71564,1.24096,0.57143,2.0,0.38095,0.26407,0.52381,0.42424,0.33333,0.76473,0.11774,0.76283,0.07653,0.8378,0.08866,0.8466,0.10362,0.88079,0.10591,0.26214,0.32039,0.80583,"[5, 5, 5, 5]",65
0.02778,0.06944,0.52778,90.475,0.47222,1.0,2.13158,9.0,0.22222,8,8,72,0.22222,0.20833,0.11111,0.06944,0.0,0.0,0.02778,354659.65789,4.64068,4.45797,5636.75,2.7595,2.55613,2.81763,2.817,5.48875,5.34843,0.28571,9.28365,878.01173,0.06944,0.72222,0.11111,0.0,0.06944,0.0,0.02778,0.0,0.04167,0.0,0.01389,0.0,2.8,1.66667,10.69231,1.61829,6.75,15.125,0.61504,1.11765,0.42857,0.85714,1.0,0.57143,0.71429,0.25,0.57143,0.78239,0.08243,0.71873,0.0,0.78239,0.08243,0.80239,0.07981,0.83632,0.07259,0.15789,0.31579,0.89474,"[3, 2, 4, 3]",66
0.04615,0.06923,0.57692,87.65736,0.42308,1.33333,2.2,8.125,0.23846,12,16,130,0.13077,0.22308,0.05385,0.03846,0.00769,0.0,0.01538,327730.89333,4.53045,4.36308,186851.125,3.63063,3.56375,3.427,3.4015,5.45278,5.34583,0.35714,10.22922,930.13508,0.04097,0.71452,0.11538,0.0,0.03846,0.0,0.05385,0.00769,0.02308,0.0,0.01538,2.4,0.83333,2.86207,11.26923,1.39214,5.71875,13.5,0.874,1.36364,0.2,1.06667,0.2,0.13333,0.0,0.1,0.0,0.64609,0.22316,0.65247,0.18139,0.72967,0.21358,0.78073,0.16059,0.81882,0.14773,0.17333,0.34667,0.73333,"[3, 1, 4, 3]",67
0.0355,0.05325,0.60355,73.99511,0.39645,1.0,2.19608,16.9,0.35503,10,10,169,0.13018,0.15976,0.08284,0.05325,0.0,0.0,0.02367,866424.20588,3.89708,4.29766,3967.1,0.5054,0.5054,0.9997,0.8983,4.94464,5.15522,0.13636,11.10556,727.77632,0.07643,0.66814,0.05917,0.0,0.05325,0.0,0.0,0.0,0.00592,0.0,0.00592,2.0,2.625,1.85,13.92,2.15608,7.1,41.5,0.88879,1.52239,4.55556,17.44444,1.88889,1.33333,2.0,1.2,1.55556,0.80394,0.15214,0.75313,0.0,0.80394,0.15214,0.82761,0.1621,0.84404,0.16811,0.18627,0.2549,0.65686,"[2, 1, 3, 2]",68
0.03784,0.07838,0.61622,76.43778,0.38378,1.0,2.20175,11.93548,0.24595,31,31,370,0.15946,0.25405,0.05405,0.04865,0.0027,0.0,0.0027,171244.1886,4.2722,4.29032,10259.41935,1.98003,1.98003,2.29326,2.28594,5.12175,5.11283,0.45349,11.71628,802.06915,0.07465,0.74738,0.13243,0.0027,0.05405,0.00541,0.04595,0.00541,0.04595,0.0,0.02973,3.5,3.18519,1.91139,10.87059,1.60481,6.74194,25.06452,0.69591,1.60563,0.4,1.73333,1.0,0.42151,0.53333,0.48602,0.36667,0.80266,0.09476,0.7374,0.0,0.80266,0.09476,0.84151,0.08285,0.90084,0.07595,0.13596,0.26754,0.62281,"[3, 4, 5, 3]",69
0.10256,0.05128,0.71795,80.48769,0.28205,1.16667,2.28571,5.57143,0.35897,6,7,39,0.10256,0.20513,0.02564,0.02564,0.0,0.0,0.0,126187.89286,2.36,2.54125,5950.16667,0.85,0.928,0.79883,1.46286,3.41513,3.61087,0.5,7.82671,1050.10264,0.02564,0.84615,0.05128,0.0,0.02564,0.0,0.0,0.0,0.02564,0.0,0.02564,8.0,5.0,1.75,9.0,1.15317,4.35714,9.71429,1.41272,2.54545,0.0,0.0,0.16667,0.14286,0.16667,0.09524,0.16667,0.50467,0.10815,0.52071,0.0,0.54215,0.11768,0.62528,0.15132,0.66383,0.16845,0.07143,0.28571,0.39286,"[2, 2, 3, 2]",70
0.01493,0.0597,0.65672,87.98674,0.34328,1.0,2.18182,6.7,0.40299,10,10,67,0.08955,0.1791,0.01493,0.01493,0.0,0.0,0.0,2930203.68182,3.5338,4.3717,1915.6,1.5112,1.5112,2.3218,2.3218,4.69861,5.31585,1.63636,10.73462,417.38853,0.02985,0.47761,0.0597,0.0,0.02985,0.0,0.04478,0.0,0.04478,0.0,0.0,0.0,3.5,2.22222,5.0,1.12917,5.6,7.8,1.01095,1.91304,0.55556,1.11111,1.0,0.66667,1.33333,1.0,1.33333,0.77319,0.05962,0.75693,0.0,0.77319,0.05962,0.83684,0.06541,0.86262,0.06501,0.31818,0.45455,0.52273,"[2, 3, 4, 2]",71
0.01418,0.04255,0.80851,91.07925,0.19149,1.05263,1.91228,7.05,0.62411,19,20,141,0.07092,0.12766,0.02128,0.00709,0.0,0.0,0.01418,1201949.38596,3.34814,4.86974,5504.2,1.24465,1.24465,2.6993,2.6993,3.97717,5.19392,0.0,11.09519,547.70423,0.07476,0.615,0.06383,0.0,0.04255,0.0,0.00709,0.0,0.00709,0.0,0.01418,4.5,3.4,1.05714,12.82353,1.91618,5.275,14.25,1.58948,4.22222,0.21053,1.15789,0.47368,0.30526,0.42105,0.42632,0.31579,0.67188,0.11572,0.6656,0.0,0.68419,0.12222,0.7838,0.10397,0.84642,0.10939,0.0,0.0,0.23684,"[3, 3, 5, 3]",72
0.0,0.05714,0.53571,81.99852,0.46429,1.08333,2.25333,10.76923,0.23571,12,13,140,0.14286,0.24286,0.1,0.07857,0.0,0.0,0.01429,382781.22667,4.01144,4.02596,381.61538,1.32769,1.32769,1.40931,1.40931,5.27879,5.26331,0.38462,11.1129,929.98882,0.05707,0.58512,0.13571,0.0,0.07857,0.0,0.05714,0.0,0.05,0.0,0.0,0.0,2.375,2.29167,10.61538,1.42475,6.19231,17.23077,0.73641,1.15385,1.41667,4.83333,1.0,0.87179,0.5,0.39744,0.41667,0.81941,0.08152,0.80492,0.0,0.8511,0.04025,0.87602,0.06341,0.89658,0.05327,0.21333,0.04,0.86667,"[3, 3, 4, 3]",74
0.04598,0.03448,0.54598,91.54176,0.45402,1.375,2.28421,7.90909,0.31034,16,22,174,0.1092,0.15517,0.08621,0.08621,0.0,0.0,0.0,429201.04211,4.22269,4.20865,6403.22727,2.402,2.402,2.58391,2.57127,5.40007,5.38709,0.25,12.70107,629.07729,0.0308,0.44107,0.12069,0.0,0.08621,0.0,0.01149,0.0,0.03448,0.0,0.02299,1.5,3.0,1.91111,9.45,1.43225,5.70455,13.72727,0.87211,1.20253,0.0,0.0,0.33333,0.57143,0.42857,0.44156,0.42857,0.5199,0.262,0.49774,0.29391,0.67903,0.19929,0.67572,0.25267,0.7721,0.259,0.16842,0.44211,0.83158,"[3, 1, 4, 3]",75
0.02553,0.05957,0.60426,103.06838,0.39574,1.19355,1.93662,6.35135,0.26809,31,37,235,0.15319,0.25106,0.0766,0.04255,0.0,0.01277,0.02128,440224.11972,4.25288,4.49022,179649.54054,2.54578,2.48838,2.97524,2.93332,5.21017,5.35218,0.19565,12.17061,614.32213,0.0789,0.62699,0.0766,0.0,0.04681,0.0,0.02979,0.0,0.01702,0.0,0.00851,4.2,2.71429,1.55,14.84091,1.40857,5.63514,10.16216,1.08631,1.52688,0.02778,0.41667,0.19444,0.10511,0.22222,0.29129,0.08333,0.55863,0.2512,0.55014,0.30351,0.6745,0.14601,0.72661,0.21139,0.80904,0.21927,0.23239,0.21127,0.65493,"[2, 1, 3, 2]",76
0.0,0.0,0.84466,76.70178,0.15534,1.1,2.03448,9.36364,0.75728,10,11,103,0.04854,0.08738,0.01942,0.01942,0.0,0.0,0.0,2282264.78161,2.8997,4.91367,659.27273,0.62509,0.53945,1.85609,1.85609,3.45539,5.18654,0.0,10.2525,726.85789,0.0775,0.6275,0.13592,0.0,0.07767,0.0,0.02913,0.0,0.04854,0.0,0.02913,0.0,0.0,0.9,13.0,1.74281,5.18182,15.45455,1.57403,5.4375,0.0,0.5,1.2,0.89091,1.1,0.87273,1.0,0.60653,0.22127,0.54329,0.0,0.63395,0.24308,0.67936,0.23782,0.73675,0.22361,0.0,0.0,0.18391,"[3, 2, 4, 3]",77
0.0,0.04202,0.86555,84.37931,0.13445,1.25,1.93204,7.93333,0.7563,12,15,119,0.01681,0.06723,0.01681,0.01681,0.0,0.0,0.0,2284088.27184,2.71366,4.94127,2174.93333,0.68767,0.68767,2.46547,2.46547,3.24454,5.17666,0.0,10.47747,667.78467,0.0025,0.6685,0.09244,0.0,0.05882,0.0,0.04202,0.0,0.05042,0.0,0.04202,0.0,1.8,1.14286,9.25,1.94248,5.13333,14.4,1.46633,6.4375,0.0,0.0,0.92857,0.61905,1.28571,0.85714,0.92857,0.74758,0.15457,0.71734,0.09212,0.79231,0.15632,0.8045,0.14169,0.83805,0.15097,0.0,0.0,0.15534,"[3, 2, 4, 3]",78
0.03804,0.05978,0.56522,93.46225,0.43478,1.0,1.79808,16.72727,0.18478,11,11,184,0.19022,0.28261,0.09783,0.05435,0.0,0.0,0.04348,525322.07692,4.41401,4.40823,259.45455,1.85691,1.48509,2.00082,2.00082,4.97601,5.07755,0.36957,12.62841,497.00169,0.10624,0.48188,0.08152,0.0,0.05435,0.0,0.0163,0.0,0.0,0.0,0.01087,6.0,1.18182,2.7037,10.3125,1.83682,7.27273,30.72727,0.82354,1.3,0.8,2.9,2.2,1.61818,4.2,2.05455,2.9,0.83392,0.07197,0.80998,0.0,0.83392,0.07197,0.87115,0.05931,0.89058,0.06885,0.22115,0.17308,0.76923,"[3, 3, 4, 3]",79
0.02381,0.04762,0.53571,86.99123,0.46429,1.375,2.31111,7.63636,0.22619,8,11,84,0.15476,0.2381,0.05952,0.05952,0.0,0.0,0.0,763353.8,4.54009,4.51136,31737.90909,3.44118,3.44118,3.62973,3.62973,5.49579,5.48263,0.4,9.65376,1014.61999,0.05952,0.69048,0.11905,0.0,0.05952,0.0,0.02381,0.0,0.03571,0.0119,0.02381,0.5,2.33333,1.27778,8.95,1.43798,5.68182,13.27273,0.83165,1.15385,0.0,0.0,0.2,0.29091,0.2,0.29091,0.1,0.74746,0.08244,0.71883,0.01506,0.7787,0.0544,0.80449,0.0708,0.82979,0.07545,0.11111,0.17778,0.86667,"[4, 1, 4, 4]",80
0.16438,0.0411,0.63014,48.62168,0.36986,1.13333,2.93478,4.29412,0.31507,15,17,73,0.09589,0.10959,0.0137,0.0137,0.0,0.0,0.0,264594.86957,2.91174,3.39211,9367.625,1.24988,1.616,1.80825,2.13888,4.32692,4.70768,0.5,8.92932,1221.51165,0.0274,0.80822,0.06849,0.0,0.0274,0.0,0.0411,0.0,0.0274,0.0,0.0137,2.66667,2.0,2.91667,8.0,1.06583,4.76471,4.58824,0.99697,1.7037,0.0,0.25,0.125,0.02206,0.125,0.01471,0.125,0.32942,0.22117,0.28962,0.05668,0.39103,0.1802,0.47941,0.23681,0.53758,0.25208,0.26087,0.30435,0.58696,"[3, 1, 1, 3]",81
0.04,0.048,0.584,82.76645,0.416,1.33333,2.34247,6.25,0.288,15,20,125,0.064,0.208,0.032,0.016,0.0,0.0,0.016,260534.68493,4.62653,4.5573,9113.65,3.4845,3.46485,3.5663,3.5663,5.55082,5.53028,0.58333,10.56868,672.75863,0.01077,0.66269,0.08,0.0,0.024,0.0,0.04,0.0,0.04,0.0,0.024,6.5,3.0,1.68571,11.13043,1.26087,5.475,8.7,0.73823,1.40385,0.21053,0.89474,0.10526,0.16842,0.15789,0.24737,0.15789,0.59155,0.17911,0.60451,0.1622,0.71028,0.1131,0.7475,0.15394,0.82597,0.14,0.15068,0.30137,0.71233,"[4, 3, 3, 4]",82
0.05607,0.05607,0.50467,88.20775,0.49533,1.15385,2.33333,7.13333,0.19626,13,15,107,0.20561,0.19626,0.03738,0.02804,0.0,0.0,0.01869,276803.62963,4.132,4.06411,5117.6,2.8172,2.7996,2.7104,2.70713,5.32923,5.25296,0.77778,10.38903,608.81513,0.075,0.6275,0.1028,0.0,0.03738,0.0,0.03738,0.00935,0.01869,0.0,0.03738,6.0,1.0,1.52941,8.66667,1.24903,5.5,12.8,0.79842,1.01887,0.0,0.0,0.64286,0.39048,0.28571,0.10476,0.21429,0.78177,0.07561,0.71593,0.08984,0.81104,0.06312,0.81743,0.08113,0.86038,0.08575,0.09259,0.16667,0.98148,"[3, 1, 4, 3]",83
0.01587,0.01587,0.55556,97.99325,0.44444,1.0,2.0,5.72727,0.25397,11,11,63,0.12698,0.26984,0.04762,0.04762,0.0,0.0,0.0,43575.45714,4.04117,3.91569,12898.72727,3.25273,3.25273,3.02936,3.02936,5.16657,5.09062,0.26667,9.27612,595.16649,0.06349,0.68254,0.15873,0.0,0.04762,0.0,0.07937,0.0,0.06349,0.0,0.03175,0.0,2.0,1.75,14.1875,1.16926,5.5,6.54545,0.91101,1.25,0.0,0.0,0.1,0.09091,0.8,0.29091,0.4,0.67147,0.13431,0.62163,0.0,0.67147,0.13431,0.72812,0.13233,0.76567,0.14324,0.08571,0.48571,0.8,"[3, 1, 4, 3]",84
0.04167,0.04167,0.52083,89.866,0.47917,1.0,2.18667,9.6,0.23611,15,15,144,0.15278,0.20139,0.13194,0.11111,0.00694,0.0,0.01389,291287.64,4.25775,4.17088,2640.33333,1.8734,1.8734,2.204,2.204,5.48628,5.42619,0.09524,10.83878,713.9199,0.07733,0.65711,0.15972,0.0,0.11111,0.0,0.04167,0.0,0.02778,0.0,0.00694,2.83333,2.2,1.6,14.44,1.44063,6.13333,18.46667,0.89305,1.08696,0.92857,3.5,0.57143,0.46667,0.35714,0.21905,0.14286,0.79613,0.06373,0.78647,0.0,0.79613,0.06373,0.86373,0.0665,0.879,0.06723,0.21333,0.22667,0.92,"[3, 3, 4, 3]",85
0.05714,0.04571,0.57714,87.6538,0.42286,1.125,2.16832,9.72222,0.25714,16,18,175,0.19429,0.21714,0.05714,0.04,0.0,0.0,0.01714,266975.63366,3.74953,3.71295,21875.55556,1.72494,1.72494,1.64561,1.64561,4.94286,4.87349,0.51852,10.86199,865.17182,0.07118,0.70658,0.10857,0.01143,0.04571,0.0,0.04571,0.0,0.05143,0.0,0.01143,1.125,2.5,2.53125,12.42857,1.57669,6.47222,15.55556,0.73727,1.36486,0.0,0.0,0.88235,0.71242,0.47059,0.28105,0.35294,0.66944,0.21249,0.61365,0.12755,0.77208,0.07879,0.75965,0.1618,0.81577,0.15884,0.15842,0.26733,0.73267,"[3, 3, 4, 3]",86
0.03822,0.05096,0.6051,72.90843,0.3949,1.0,2.4,9.8125,0.3758,16,16,157,0.11465,0.14013,0.06369,0.06369,0.0,0.0,0.0,203228.01053,3.74379,4.12005,61839.875,1.67612,1.67612,2.83675,2.83675,4.89808,5.1449,0.06667,10.95146,756.36544,0.0131,0.66552,0.12102,0.0,0.06369,0.0,0.04459,0.0,0.03185,0.0,0.01274,1.83333,2.71429,1.55102,11.63158,1.79618,6.0625,21.0625,0.87284,1.53226,0.0,0.0,0.93333,0.275,0.93333,0.325,0.8,0.59731,0.27169,0.55419,0.0,0.59731,0.27169,0.71206,0.20134,0.76477,0.19167,0.15789,0.35789,0.65263,"[3, 1, 5, 3]",87
0.03571,0.05,0.6,76.47817,0.4,1.15,2.40476,6.08696,0.28571,20,23,140,0.12143,0.22857,0.07143,0.06429,0.0,0.0,0.00714,189402.25,4.52714,4.51752,13100.69565,3.5197,3.50052,3.72635,3.72635,5.44622,5.42846,0.63333,10.69335,709.87312,0.0478,0.67024,0.08571,0.0,0.06429,0.0,0.02143,0.0,0.01429,0.0,0.0,3.6,3.0,2.38462,13.18519,1.25612,5.15217,7.95652,0.92061,1.5,0.04545,0.68182,0.13636,0.14229,0.13636,0.2253,0.09091,0.58568,0.21734,0.59586,0.07024,0.70933,0.13752,0.74877,0.16044,0.83493,0.13653,0.4881,0.42857,0.66667,"[3, 3, 4, 3]",88
0.1,0.01667,0.58333,66.705,0.41667,1.0,2.6,8.57143,0.28333,7,7,60,0.06667,0.18333,0.13333,0.13333,0.0,0.0,0.0,99080.11429,3.98651,3.9734,451.28571,1.88186,1.88186,2.20243,2.20243,5.22977,5.18667,0.45455,9.27792,711.2605,0.06667,0.66667,0.16667,0.0,0.13333,0.0,0.03333,0.0,0.0,0.0,0.0,2.25,1.0,2.0,9.1,1.43315,5.21429,15.0,0.82585,1.4,0.33333,2.0,0.33333,0.2381,0.5,0.28571,0.33333,0.73915,0.12627,0.69135,0.0,0.73915,0.12627,0.77606,0.12208,0.80059,0.12949,0.34286,0.11429,0.71429,"[3, 1, 4, 3]",89
0.0137,0.12785,0.6347,66.91638,0.3653,1.30769,2.48921,6.44118,0.23744,26,34,219,0.11416,0.25571,0.05479,0.03196,0.0,0.0,0.02283,402556.28777,4.51312,4.41117,7002.78788,2.95152,2.86471,2.79782,2.71359,5.24545,5.18382,0.46939,11.31746,685.80455,0.03783,0.74425,0.12785,0.00913,0.05023,0.0,0.05936,0.0,0.04566,0.0,0.03196,6.66667,1.95833,1.67442,10.29167,1.2895,5.57353,10.02941,1.06587,1.7375,0.0,0.12121,0.06061,0.08021,0.15152,0.18182,0.09091,0.56332,0.27969,0.54748,0.23214,0.73801,0.10228,0.71433,0.25199,0.85815,0.15909,0.34532,0.39568,0.57554,"[5, 5, 5, 5]",90
0.00772,0.07336,0.76062,93.10822,0.23938,1.03571,1.83756,8.93103,0.59073,28,29,259,0.07336,0.0888,0.05019,0.03089,0.00386,0.0,0.01544,1158254.92893,3.38259,5.19896,2301.82759,1.18845,1.18845,2.75245,2.75245,4.19192,5.56203,0.0,13.22829,643.5466,0.10006,0.4655,0.17375,0.00386,0.07336,0.0,0.05792,0.0,0.07722,0.0,0.04247,6.0,3.63158,0.84677,11.81818,1.67622,5.08621,17.27586,1.65571,3.17742,1.17857,5.82143,1.46429,0.95567,1.28571,0.81034,1.25,0.82589,0.09088,0.7689,0.0,0.82873,0.09385,0.85941,0.08687,0.91639,0.08725,0.0,0.0,0.31472,"[3, 2, 4, 3]",91
0.05376,0.03226,0.62366,80.16992,0.37634,1.07692,2.36207,6.64286,0.33333,13,14,93,0.12903,0.2043,0.05376,0.05376,0.0,0.0,0.0,84012.56897,3.4856,3.48634,367.38462,1.02338,0.95238,1.25254,1.25254,4.70552,4.68408,0.36842,9.52494,1131.8777,0.03226,0.74194,0.10753,0.0,0.06452,0.0,0.03226,0.0,0.02151,0.01075,0.02151,4.5,1.5,1.5,13.38889,0.83673,4.78571,17.14286,0.0,1.65714,0.0,0.0,0.07692,0.16484,0.0,0.20879,0.0,0.14917,0.29787,0.17227,0.0,0.12075,0.27158,0.37958,0.37399,0.42113,0.41034,0.12069,0.31034,0.60345,"[3, 3, 4, 3]",92
0.09434,0.04717,0.64151,90.81894,0.35849,1.07143,2.10294,7.06667,0.31132,14,15,106,0.10377,0.18868,0.04717,0.04717,0.0,0.0,0.0,269178.02941,4.55475,4.5939,32314.06667,2.96093,2.8826,3.28013,3.26607,5.2637,5.28826,0.1,10.22227,688.60399,0.01571,0.65143,0.07547,0.0,0.04717,0.0,0.01887,0.0,0.01887,0.0,0.00943,2.0,3.4,2.35484,13.25,1.25384,5.23333,10.0,0.9375,1.78947,0.0,0.0,0.21429,0.17143,0.42857,0.40952,0.21429,0.59487,0.27526,0.58229,0.0,0.69965,0.13587,0.72171,0.23796,0.78843,0.25684,0.10294,0.35294,0.55882,"[3, 1, 5, 3]",93
0.0073,0.13139,0.52555,93.54692,0.47445,1.0,2.06944,12.45455,0.16058,11,11,137,0.16788,0.22628,0.16058,0.10949,0.0073,0.0,0.0438,538995.38889,4.71349,4.70726,4889.63636,2.15591,2.15591,2.75327,2.75327,5.65824,5.64339,0.34615,11.9067,547.00047,0.07868,0.51553,0.13869,0.0,0.11679,0.0,0.0219,0.0,0.0219,0.0,0.0,0.0,2.6875,2.19048,11.33333,1.60005,6.59091,25.0,0.74497,1.10769,1.0,3.2,1.6,1.2,1.9,0.90909,1.9,0.82097,0.09279,0.79983,0.0,0.82097,0.09279,0.86233,0.07383,0.8932,0.07622,0.23611,0.18056,0.90278,"[3, 3, 4, 3]",94
0.02146,0.03004,0.69528,100.6437,0.30472,1.33333,1.80247,9.70833,0.5279,18,24,233,0.1073,0.11588,0.06867,0.05579,0.0,0.0,0.01288,1653099.5,2.50752,3.62767,3723.04348,0.42322,0.57546,0.88639,1.07683,3.75894,4.57375,0.53333,12.44523,550.66757,0.06955,0.60627,0.08155,0.0,0.06438,0.0,0.01717,0.0,0.01288,0.0,0.00429,5.5,2.71429,0.77778,10.47059,1.5829,6.3125,16.45833,1.28919,2.28169,0.30435,1.73913,0.65217,0.53623,0.56522,0.45652,0.52174,0.55173,0.20482,0.54252,0.21757,0.68615,0.10493,0.69748,0.18947,0.78629,0.19106,0.16667,0.09877,0.43827,"[2, 2, 3, 2]",95
0.01478,0.02463,0.58128,98.38211,0.41872,1.52941,2.05932,7.80769,0.3399,17,26,203,0.12808,0.20197,0.06897,0.06404,0.0,0.0,0.00493,605721.99153,3.72259,3.96589,3279.04,1.61048,1.72296,1.7324,1.85662,4.95004,5.06397,0.2,11.63264,890.03419,0.04481,0.67788,0.11823,0.0,0.06897,0.0,0.02956,0.0,0.0197,0.0,0.02956,0.0,2.0,1.53846,14.02632,1.45134,6.25,14.53846,0.94777,1.38824,0.0,0.12,0.48,0.37231,0.28,0.20615,0.28,0.62322,0.16552,0.62698,0.1349,0.76662,0.07819,0.76347,0.14944,0.85436,0.15828,0.16102,0.24576,0.72034,"[3, 3, 4, 3]",96
0.02174,0.05435,0.57609,68.17507,0.42391,1.0,2.62264,7.66667,0.26087,12,12,92,0.1413,0.23913,0.06522,0.04348,0.0,0.0,0.0,275900.75472,4.02374,4.05058,3744.08333,2.06225,2.06225,2.28375,2.28375,5.07057,5.05182,0.26316,9.74369,785.51513,0.03261,0.69565,0.09783,0.0,0.04348,0.0,0.03261,0.0,0.04348,0.0,0.02174,8.0,3.25,1.35,11.55,1.43403,5.91667,9.75,0.81104,1.35897,0.0,0.0,0.27273,0.28788,0.45455,0.37879,0.45455,0.74388,0.07434,0.70468,0.0,0.74388,0.07434,0.80421,0.07173,0.84804,0.06184,0.07547,0.4717,0.73585,"[4, 3, 4, 4]",97
0.07746,0.06338,0.5493,81.37465,0.4507,1.0,2.39744,5.91667,0.21127,24,24,142,0.14085,0.19718,0.07042,0.07042,0.0,0.0,0.0,195221.24359,4.31162,4.25956,7934.73913,2.9667,2.90125,2.98843,3.09088,5.31723,5.30482,0.21429,10.44306,870.27311,0.06907,0.71651,0.1338,0.01408,0.07746,0.01408,0.02113,0.01408,0.02113,0.0,0.00704,5.54545,2.22222,2.47826,10.92308,1.36789,5.5625,7.33333,0.93844,1.21875,0.04348,0.43478,0.08696,0.07609,0.0,0.10507,0.0,0.56207,0.21871,0.55781,0.0,0.56207,0.21871,0.71272,0.19344,0.78458,0.20765,0.21795,0.58974,0.82051,"[4, 1, 4, 3]",98
0.01932,0.08213,0.57488,90.20541,0.42512,2.0,2.22689,6.9,0.19324,15,30,207,0.16425,0.28019,0.08213,0.04348,0.0,0.0,0.04348,400014.20168,4.43786,4.39131,2305.69231,2.53408,2.53374,2.74669,2.7487,5.32285,5.26907,0.37255,10.93174,963.7425,0.05685,0.74935,0.12077,0.01932,0.04831,0.0,0.04348,0.00966,0.03865,0.0,0.01449,3.0,2.06667,2.02941,10.79245,1.42348,5.65,12.16667,0.0,1.35227,0.03448,0.17241,0.2069,0.14713,0.17241,0.17011,0.17241,0.64769,0.27829,0.59506,0.34248,0.87627,0.04537,0.7566,0.26741,0.80231,0.27902,0.30252,0.19328,0.7395,"[4, 4, 5, 4]",99
0.02326,0.0814,0.63953,98.46402,0.36047,1.0,1.92727,9.55556,0.2907,9,9,86,0.0814,0.24419,0.12791,0.05814,0.0,0.0,0.05814,427675.47273,4.24558,4.18982,1172.11111,2.82344,2.82344,2.90322,2.90322,5.19692,5.18174,0.88889,10.67877,468.35226,0.02326,0.53488,0.06977,0.01163,0.05814,0.0,0.0,0.0,0.0,0.0,0.01163,0.0,1.28571,0.88235,8.94737,1.68735,5.5,15.66667,0.81915,1.77419,0.5,1.375,1.0,0.5,2.125,1.5,2.0,0.77873,0.09384,0.76926,0.0,0.77873,0.09384,0.83502,0.05219,0.88262,0.07064,0.05455,0.25455,0.56364,"[2, 2, 4, 2]",100
0.05172,0.03448,0.61207,85.89359,0.38793,1.0,2.1831,8.92308,0.34483,13,13,116,0.07759,0.18103,0.10345,0.08621,0.00862,0.0,0.00862,337055.52113,3.31745,3.71261,114.0,0.62215,0.62215,0.69123,0.69123,4.71738,4.97466,0.69231,10.45692,743.20488,0.05529,0.63412,0.12931,0.0,0.08621,0.0,0.02586,0.0,0.03448,0.0,0.01724,0.0,4.0,1.60714,8.57143,1.33252,5.73077,12.76923,0.9225,1.57778,0.16667,0.91667,0.25,0.30769,0.5,0.26923,0.41667,0.64854,0.17837,0.62971,0.0,0.64854,0.17837,0.74465,0.15265,0.78809,0.13234,0.30986,0.22535,0.6338,"[2, 2, 4, 2]",101
0.0,0.04965,0.78014,88.12977,0.21986,1.0,1.99091,6.40909,0.66667,22,22,141,0.04255,0.06383,0.03546,0.02128,0.0,0.0,0.01418,2592765.01818,3.06396,4.91418,5983.31818,1.22909,1.22909,2.85159,2.85159,3.91179,5.34913,0.0,11.45104,653.72081,0.03143,0.53952,0.0922,0.0,0.07092,0.0,0.0,0.0,0.01418,0.0,0.02128,0.0,3.66667,1.18182,11.88889,1.35823,4.97727,11.5,1.63495,3.54839,0.42857,2.2381,0.57143,0.37229,0.66667,0.39394,0.66667,0.69512,0.11942,0.65498,0.0,0.69512,0.11942,0.77332,0.11915,0.8513,0.13611,0.0,0.0,0.28182,"[3, 2, 3, 3]",102
0.03604,0.05405,0.52252,95.21453,0.47748,1.07692,2.06897,7.92857,0.23423,13,14,111,0.10811,0.1982,0.12613,0.09009,0.0,0.0,0.01802,324505.7069,4.13072,4.05436,2534.5,2.33271,2.33271,2.14636,2.14636,5.38497,5.30916,0.15789,10.5818,562.46382,0.045,0.62833,0.18018,0.0,0.09009,0.0,0.06306,0.0,0.07207,0.0,0.02703,0.0,2.33333,1.95238,14.8,1.17481,5.78571,11.71429,0.80292,1.09434,0.07692,0.76923,0.30769,0.16484,0.38462,0.38462,0.15385,0.69726,0.06869,0.69436,0.0,0.72279,0.0581,0.79714,0.06718,0.83356,0.08025,0.12069,0.24138,0.91379,"[3, 3, 4, 3]",103
0.14783,0.0,0.66087,91.88288,0.33913,1.0,2.18421,6.05263,0.50435,19,19,115,0.0,0.0087,0.0,0.0,0.0,0.0,0.0,424414.51316,2.32799,2.97279,125.78947,0.10216,0.10216,0.18868,0.18868,4.01125,4.45037,2.0,15.7144,1112.77683,0.0,0.23312,0.0,0.0,0.0,0.0,0.0,0.0,0.0,0.0,0.0,0.05882,0.0,2.35135,7.0,1.2779,4.5,6.89474,0.93193,1.94872,0.0,0.0,1.88889,1.78947,2.77778,2.69006,2.72222,0.8143,0.07303,0.80885,0.0,0.8143,0.07303,0.87747,0.07968,0.89276,0.08392,0.06579,0.81579,0.51316,"[1, 1, 1, 2]",104
0.02913,0.05825,0.61165,75.05906,0.38835,1.0,2.25397,9.36364,0.29126,11,11,103,0.14563,0.23301,0.07767,0.03883,0.0,0.0,0.03883,520454.28571,4.38424,4.41346,1388.27273,2.16227,2.16227,2.12745,2.03764,5.18532,5.15301,0.21739,10.64419,539.80635,0.07,0.58,0.1165,0.00971,0.04854,0.0,0.06796,0.0,0.05825,0.0,0.00971,5.66667,1.83333,2.31579,10.78261,1.41634,5.72727,14.72727,0.87925,1.575,1.3,4.7,1.1,0.65455,0.9,0.63636,0.8,0.82941,0.07253,0.79877,0.0,0.82941,0.07253,0.86263,0.07623,0.87624,0.08001,0.15873,0.49206,0.63492,"[3, 1, 3, 3]",105
0.0,0.0,0.5,82.68488,0.5,1.33333,2.41935,7.75,0.32258,6,8,62,0.06452,0.17742,0.04839,0.04839,0.0,0.0,0.0,66546.58065,4.19587,4.04839,4469.5,2.87188,2.87188,2.89462,2.89462,5.46576,5.40997,0.11111,9.2764,537.71751,0.0,0.67742,0.14516,0.0,0.04839,0.01613,0.04839,0.01613,0.04839,0.0,0.03226,0.0,0.0,1.75,11.77778,1.49279,5.875,11.75,0.899,1.0,0.0,0.0,0.28571,0.35714,0.28571,0.39286,0.28571,0.57725,0.1754,0.58196,0.16967,0.75084,0.12365,0.71336,0.12968,0.76333,0.12989,0.06452,0.25806,1.0,"[3, 1, 4, 3]",106
0.04372,0.06011,0.60109,81.36254,0.39891,1.0,2.32727,8.31818,0.25683,22,22,183,0.20765,0.24044,0.06557,0.04372,0.00546,0.0,0.01639,1001946.66364,4.41708,4.71696,5802.5,2.66723,2.52995,3.44532,3.23695,5.24092,5.39299,0.36585,11.82735,693.81833,0.04524,0.53798,0.08743,0.00546,0.04372,0.0,0.02732,0.0,0.03279,0.0,0.01093,8.0,2.5,1.82927,9.69231,1.58251,6.25,12.86364,0.69066,1.50685,0.33333,1.19048,1.04762,0.66667,0.90476,0.59307,0.90476,0.81202,0.08087,0.77323,0.0,0.81202,0.08087,0.86334,0.06642,0.90766,0.06371,0.09091,0.44545,0.66364,"[3, 3, 5, 3]",107
0.0524,0.00873,0.67249,101.94925,0.32751,1.0,1.7987,10.40909,0.48472,22,22,229,0.06987,0.12664,0.04367,0.04367,0.0,0.0,0.0,661069.2013,2.66553,3.54277,1570.18182,0.19032,0.19032,0.61555,0.61555,4.02903,4.63237,0.0,11.51051,856.28316,0.01346,0.65954,0.11354,0.00437,0.04803,0.0,0.06114,0.0,0.04803,0.0,0.0,5.25,3.0,1.56863,8.26316,1.73606,5.90909,16.54545,1.19322,2.05333,0.0,0.95238,0.7619,0.33333,0.95238,0.41558,0.95238,0.73145,0.11231,0.68022,0.0,0.73145,0.11231,0.80397,0.07946,0.87063,0.06409,0.0974,0.07143,0.48701,"[1, 1, 4, 2]",108
0.10651,0.10651,0.65089,71.33736,0.34911,1.0,2.32727,7.68182,0.23669,22,22,169,0.13018,0.20118,0.07101,0.05917,0.0,0.0,0.01183,413394.82727,4.21748,4.32614,9715.04545,2.13014,2.13014,2.33773,2.33773,5.10149,5.15856,0.48485,10.97366,725.85986,0.05057,0.71471,0.09467,0.0,0.06509,0.0,0.02959,0.0,0.01775,0.0,0.00592,3.85714,1.64286,2.2,12.36667,1.20097,6.02273,11.5,0.88003,1.86441,0.09524,1.0,0.2381,0.24675,0.2381,0.21212,0.2381,0.73434,0.12745,0.70696,0.0,0.73434,0.12745,0.82259,0.11737,0.8661,0.11509,0.19091,0.30909,0.53636,"[3, 2, 5, 3]",109
0.0991,0.03604,0.58559,98.09445,0.41441,1.05556,1.98462,5.84211,0.30631,18,19,111,0.10811,0.14414,0.10811,0.10811,0.0,0.0,0.0,245500.47692,3.08978,3.54277,11245.05556,0.77922,0.69739,1.27267,1.27267,4.63343,4.94398,0.4,11.21102,613.59689,0.07,0.49333,0.13514,0.0,0.10811,0.0,0.02703,0.0,0.00901,0.0,0.00901,1.25,4.33333,3.04762,10.25,1.50802,5.65789,7.68421,0.0,1.41304,0.27778,1.77778,0.27778,0.19883,0.33333,0.21053,0.33333,0.5415,0.26304,0.52054,0.0,0.61915,0.18985,0.68539,0.20549,0.77273,0.20974,0.07692,0.13846,0.70769,"[2, 3, 3, 2]",110
0.02817,0.08451,0.6338,73.08364,0.3662,1.1,2.46667,6.45455,0.3662,10,11,71,0.08451,0.15493,0.02817,0.01408,0.0,0.0,0.01408,430542.08889,3.75131,4.21124,24379.09091,2.17873,2.17873,3.04655,3.04655,4.81332,5.1163,0.57143,9.09005,768.98424,0.02817,0.76056,0.11268,0.0,0.02817,0.0,0.05634,0.0,0.04225,0.0,0.02817,2.0,2.66667,1.375,7.7,1.26529,4.72727,9.45455,1.08833,1.73077,0.2,0.7,0.1,0.14545,0.2,0.2,0.1,0.60909,0.09854,0.57783,0.0,0.61709,0.0807,0.71177,0.13211,0.80847,0.09543,0.11111,0.28889,0.57778,"[2, 2, 3, 2]",111
0.04762,0.04762,0.65476,92.31881,0.34524,1.125,2.05455,9.33333,0.38095,8,9,84,0.14286,0.17857,0.08333,0.08333,0.0,0.0,0.0,269038.74545,2.91282,3.40802,239.44444,0.20467,0.20467,0.37878,0.37878,4.19686,4.48761,0.33333,9.53244,888.1289,0.05952,0.71429,0.13095,0.0,0.08333,0.0,0.03571,0.0,0.03571,0.0,0.0119,4.0,5.0,0.65,10.5,1.5914,6.72222,16.88889,1.08653,1.89655,0.375,0.5,0.75,0.47222,0.375,0.30556,0.375,0.7513,0.10235,0.63343,0.0,0.76337,0.10758,0.74311,0.11171,0.79213,0.10015,0.27273,0.30909,0.52727,"[2, 2, 3, 2]",112
0.04545,0.10227,0.64773,62.82561,0.35227,1.0,2.42105,14.66667,0.29545,6,6,88,0.05682,0.20455,0.05682,0.05682,0.0,0.0,0.0,866527.70175,4.284,4.57819,1613.16667,2.33033,2.33033,2.56717,2.56717,5.15132,5.33044,0.0,9.76079,777.79307,0.02273,0.68182,0.15909,0.0,0.05682,0.0,0.09091,0.0,0.10227,0.0,0.01136,2.5,3.0,3.19048,12.66667,1.73252,6.58333,28.83333,0.71795,1.83871,0.0,0.0,0.0,0.33333,0.6,1.0,0.4,0.82007,0.02671,0.80354,0.0,0.82007,0.02671,0.85794,0.0402,0.87103,0.03936,0.10526,0.57895,0.54386,"[3, 2, 4, 3]",113
0.05581,0.0186,0.6093,79.1594,0.3907,1.0,2.25954,9.77273,0.34419,22,22,215,0.12093,0.1907,0.02326,0.02326,0.0,0.0,0.0,165663.42748,3.04659,3.43373,9916.54545,0.81605,0.71864,1.1455,1.03477,4.23455,4.53884,0.4,10.95297,1041.82251,0.03362,0.71966,0.05116,0.00465,0.02326,0.00465,0.0186,0.00465,0.01395,0.0,0.0,2.5,3.33333,1.47059,12.4,1.45088,6.09091,14.04545,0.85185,1.55952,0.47619,1.38095,0.47619,0.24675,0.47619,0.32468,0.38095,0.71042,0.11615,0.68037,0.0,0.71042,0.11615,0.80368,0.08892,0.84431,0.08625,0.20611,0.25191,0.64122,"[2, 1, 4, 2]",114
0.03226,0.06452,0.57258,86.33694,0.42742,1.16667,2.26761,8.85714,0.19355,12,14,124,0.12097,0.28226,0.08871,0.08871,0.0,0.0,0.0,78120.78873,4.19287,3.87032,7125.64286,2.14929,2.14929,1.73357,1.73357,5.29023,5.09672,0.26923,10.80701,717.74458,0.0476,0.616,0.15323,0.00806,0.08871,0.0,0.04839,0.0,0.05645,0.0,0.04839,1.0,3.14286,2.52174,13.125,1.42458,5.89286,15.21429,0.75831,1.33962,0.07692,0.30769,0.23077,0.24176,0.46154,0.58242,0.38462,0.66317,0.15405,0.67863,0.14814,0.72856,0.14945,0.78814,0.14489,0.83708,0.13775,0.16901,0.23944,0.74648,"[4, 2, 4, 3]",115
0.01667,0.08889,0.55,97.8725,0.45,1.09091,2.15152,7.5,0.21667,22,24,180,0.13333,0.22778,0.11667,0.1,0.0,0.0,0.01667,674730.13131,4.48217,4.41001,10433.33333,2.85308,2.85308,2.73567,2.73567,5.51814,5.46744,0.23684,11.17032,808.78738,0.08247,0.63247,0.17222,0.01111,0.1,0.0,0.05,0.0,0.02778,0.00556,0.00556,4.66667,1.46154,3.25,11.27778,1.26321,5.625,13.58333,0.83779,1.22222,0.13043,0.26087,0.34783,0.27899,0.30435,0.12681,0.26087,0.72808,0.08349,0.7012,0.0111,0.76085,0.08229,0.8126,0.07611,0.8638,0.08079,0.22222,0.07071,0.81818,"[3, 1, 4, 3]",116
0.00758,0.07576,0.59848,85.75418,0.40152,1.0,2.29114,6.6,0.25,20,20,132,0.10606,0.26515,0.08333,0.06818,0.0,0.0,0.01515,290250.02532,4.36756,4.41203,15487.35,2.8411,2.8411,3.31845,3.31845,5.21708,5.25842,0.39286,9.92806,979.5032,0.03788,0.75152,0.12121,0.00758,0.08333,0.0,0.0303,0.0,0.0303,0.0,0.00758,3.0,2.22222,1.70833,10.0,1.55091,6.1,10.85,0.8864,1.49057,0.0,0.0,0.0,0.06316,0.15789,0.16316,0.0,0.61981,0.18611,0.601,0.0,0.61981,0.18611,0.7302,0.20144,0.76783,0.21117,0.27848,0.37975,0.67089,"[3, 1, 4, 3]",117
0.0102,0.09184,0.58163,79.39505,0.41837,1.17241,2.46491,5.76471,0.2602,29,34,196,0.08673,0.21939,0.07143,0.04592,0.0,0.0,0.02551,332254.31579,4.29716,4.24818,21829.25,2.64412,2.81335,2.51666,2.73588,5.37364,5.39746,0.24242,11.80779,636.7378,0.01639,0.60423,0.10714,0.01531,0.05612,0.0,0.04082,0.0051,0.04082,0.0,0.01531,0.0,2.0625,2.39474,12.12121,1.23312,5.42647,6.73529,0.95976,1.39024,0.0,0.09091,0.09091,0.1016,0.12121,0.14617,0.09091,0.58468,0.2477,0.5986,0.26189,0.70358,0.1149,0.75437,0.20189,0.83962,0.17963,0.14912,0.26316,0.7193,"[3, 1, 4, 3]",118
0.05532,0.11489,0.64255,77.64074,0.35745,1.17391,2.24503,8.7037,0.22979,23,27,235,0.11064,0.24255,0.07234,0.04681,0.0,0.0,0.02979,357058.47682,4.23815,4.36305,1353.34615,1.99231,2.12133,2.49231,2.67826,5.14523,5.20984,0.60377,11.91696,632.28476,0.06044,0.62007,0.17447,0.02128,0.05532,0.00426,0.0766,0.00851,0.05957,0.0,0.02979,7.23077,2.16667,1.42553,10.98077,1.60579,6.03704,14.22222,1.12509,1.79762,0.42308,1.34615,0.19231,0.43875,0.5,0.52707,0.46154,0.75805,0.23331,0.75072,0.33577,0.84684,0.06778,0.8518,0.17859,0.87906,0.18386,0.09934,0.41722,0.55629,"[4, 1, 4, 3]",119
0.0202,0.08081,0.56566,90.09559,0.43434,1.0,2.125,9.9,0.23232,10,10,99,0.14141,0.23232,0.07071,0.0404,0.0101,0.0,0.0202,355885.48214,4.48193,4.33891,10611.5,2.0579,2.0489,1.8544,1.8274,5.48584,5.38312,0.0,10.95918,494.15729,0.0404,0.52525,0.11111,0.0,0.0404,0.0,0.07071,0.0,0.05051,0.0,0.0,3.0,3.0,1.89474,12.83333,1.51854,5.4,17.9,0.71022,1.30233,0.22222,0.66667,0.77778,0.73333,0.88889,0.82222,0.44444,0.81839,0.04868,0.80469,0.0,0.81839,0.04868,0.87021,0.04247,0.90032,0.0481,0.30357,0.30357,0.76786,"[3, 1, 3, 3]",120
0.0082,0.01639,0.59016,67.94544,0.40984,1.0,2.48611,12.2,0.38525,10,10,122,0.12295,0.18033,0.02459,0.02459,0.0,0.0,0.0,338843.31944,3.21215,3.60001,1510.7,1.0248,1.0248,1.0239,1.0239,4.50921,4.75984,0.64286,10.14687,865.83933,0.0687,0.68304,0.09016,0.0,0.04098,0.0,0.04098,0.0,0.02459,0.0,0.0082,0.0,5.0,1.57143,10.36842,1.42384,5.95,22.5,0.95095,1.44,0.88889,2.22222,0.66667,0.44444,0.33333,0.24444,0.33333,0.70549,0.15943,0.64703,0.0,0.70549,0.15943,0.76693,0.17,0.78653,0.17452,0.16667,0.47222,0.69444,"[2, 3, 4, 2]",121
0.02222,0.04444,0.58333,79.32045,0.41667,1.46667,2.26667,8.18182,0.37222,15,22,180,0.17222,0.14444,0.06111,0.05556,0.0,0.0,0.0,898292.2381,3.58067,4.37646,12927.57143,1.751,1.74255,2.84476,2.90995,4.75202,5.23833,0.83333,11.21342,645.25852,0.06012,0.68691,0.10556,0.0,0.05556,0.00556,0.03889,0.00556,0.03333,0.0,0.01111,12.25,2.28571,1.05357,8.66667,1.41388,6.04545,13.95455,1.35473,1.4,0.61905,2.42857,0.66667,0.4329,0.2381,0.20346,0.2381,0.58956,0.30762,0.58845,0.34828,0.75739,0.14602,0.74905,0.25789,0.80778,0.26822,0.11429,0.31429,0.71429,"[3, 3, 4, 3]",122
0.0625,0.125,0.59375,84.79667,0.40625,1.2,2.21053,5.33333,0.21875,5,6,32,0.09375,0.1875,0.03125,0.03125,0.0,0.0,0.0,188140.89474,4.75205,4.65574,7791.0,3.68483,3.676,3.74183,3.74183,5.48753,5.48856,0.0,7.30371,2182.46747,0.0,0.90625,0.09375,0.0,0.03125,0.0,0.03125,0.0,0.03125,0.0,0.03125,3.0,4.0,2.42857,7.4,1.125,5.08333,5.66667,0.71203,1.46154,0.0,0.0,0.0,0.0,0.0,0.13333,0.0,0.67201,0.05824,0.64252,0.0,0.69315,0.10033,0.73922,0.12548,0.76587,0.09005,0.21053,0.52632,0.68421,"[3, 2, 1, 1]",123
0.05202,0.08092,0.59538,75.05629,0.40462,1.19048,2.34951,6.92,0.21387,21,25,173,0.20231,0.24855,0.0289,0.01156,0.0,0.0,0.01156,278698.25243,4.57057,4.40133,26639.8,2.92436,2.91244,3.07228,3.07228,5.37002,5.28161,0.47368,10.37028,1032.94436,0.05919,0.78581,0.06936,0.00578,0.01734,0.0,0.03468,0.0,0.03468,0.0,0.01156,4.0,2.09091,2.53846,9.97619,1.37416,6.1,10.52,0.79374,1.47143,0.08333,0.45833,0.25,0.27,0.0,0.13,0.0,0.6806,0.19926,0.68004,0.24679,0.75544,0.1387,0.80233,0.17083,0.85038,0.13097,0.15534,0.37864,0.67961,"[4, 1, 4, 5]",124
